y,x1,x2,x3
17.2,14.16,11.16,12.26
3.85,14.84,13.41,15.09
6.75,14.45,13.12,12.14
14.85,14.17,11.13,11.58
10.6,14.19,11.19,11.81
3.85,13.54,12.5,14.73
18.2,13.19,12.58,13.15
6.1,13.66,12.84,11.62
3.35,15.21,12.06,15.58
14.75,13.69,13.57,13.47
7.7,17.46,10.96,12.59
16.85,12.26,10.59,13.13
23.1,14.4,14.14,11.98
20.25,14.01,12.89,15.19
4.4,14.58,12.12,11.13
5.65,14.34,11.49,14.88
2.4,14,11.61,10.7
14,12.89,11.5,10.76
3.35,13.84,13.76,10.35
3.65,12.59,10.53,15.14
6.25,13.8,11.88,15.61
20.35,14.44,12.69,14.99
2.75,15.54,11.74,13.9
19.35,14.52,11.92,15.85
1.15,16.88,11.2,16.5
30.25,12.91,12.36,15.6
5.5,14.5,11.77,12.91
20.75,15.07,10.81,11.68
8.6,15.28,11.7,13.65
25,14.06,12.01,13.86
2,15.4,13,17.31
5.45,14.26,10.77,13.57
5.9,11.56,12.71,14.62
4.8,13.11,12.84,13.26
5.3,14.46,11.7,16.61
11.05,14.17,12.61,16.54
11.25,15.11,13.11,13.52
10.8,14.63,10.47,14.28
13.3,14.62,11.94,13.54
5.8,14.19,11.75,11.1
13.75,15.92,12.17,13.41
1.1,13.58,12.42,11.89
24.1,13.63,12.96,12.35
3.25,12.96,12.46,12.39
44.25,14.29,13.18,13.1
13.3,13.44,12.63,13.23
9.4,13.43,11.24,11.72
4.3,15.96,11.59,9.16
9.3,13.75,12.47,14.03
6.4,15.48,12.72,14.41
8.75,12.7,10.96,10.37
19.2,14.13,11.56,12.65
14.4,15.65,10.99,10.41
5.1,14.8,11.01,14.55
13.9,14.12,12.43,12.18
4.65,12.45,12.34,11.97
2,12.71,11.04,10.89
4.55,16.54,11.11,8.88
3.5,11.91,11.66,10.63
10.9,13.44,10.09,12.73
6.85,14.51,11.77,10.92
4.15,13.16,11,11.97
3.6,14.5,12.71,14.23
9.75,14.77,12.45,15.2
21.75,11.63,12.33,12.83
6.35,17.26,11.29,16.12
8,15.22,11.48,12.62
7.7,18.16,11.42,11.25
8.35,13.82,10.73,9.91
6.35,15.46,11.94,12.66
10.7,14.72,12.26,12.14
6.25,14.09,12.06,12.37
21.75,13.44,12.05,13.64
21.05,15.59,12.79,14.53
4,15.96,12.34,12.3
1,9.15,11.2,11.89
8.6,16.63,11.58,14.88
3.95,15.56,10.51,12.81
17.85,13.81,11.52,13.63
13.5,13.66,12.67,14.05
28.1,14.04,13.32,10.9
1,12.19,13.08,14.99
7.75,15.35,12.78,11.99
31.6,14.57,11.76,14.76
1.5,13.81,12.34,11.28
30.35,13.27,11.48,12.48
7.05,15.41,12.21,13.79
2.35,18.87,11.52,12.23
13.05,14.97,11.6,11.38
3.4,13.67,11.35,14.1
3.5,16.4,11.78,17.41
11.35,14.14,11.94,11.06
2,16.09,10.37,13.47
29,14.36,12.4,13.86
23.15,13.75,11.43,13.07
7.35,14,11.4,12.93
4.65,16.14,12.91,11.77
15.5,15.95,11.93,13.86
4.05,15.01,11.9,11.85
4.8,13.79,12.32,10.04
10.6,14.36,11.57,12.04
13.9,15.28,12.78,14.59
18.4,14.75,12.27,13.39
33.65,14.43,12.35,11.51
3.5,15.08,11.27,9.73
10.65,14.26,12.21,13.67
6.7,13.59,12.4,11.28
8.7,14.9,11.78,12.8
12.4,15.02,12.43,9.36
1,15.35,14.85,14.55
27.5,16.81,12.22,12
3.25,15.96,12.08,12.99
3.75,16.12,11.36,14.71
21.8,15.26,13.28,13.63
11.15,14.42,11.8,14.12
37.2,13.96,12.97,14.13
8.2,14.69,11.42,8.62
11.75,16.2,12.31,15.8
3.8,13.92,9.98,13.42
15.35,14.5,12.28,13.93
23,14.06,12.45,15.47
32.1,14.98,12.35,15.6
13.3,15.06,11.48,12.59
6.95,13.47,11.97,10.19
9.4,14.67,12.35,11.42
4.75,14.23,13.21,15.63
15.4,14.11,11.65,10.08
6.9,15.69,12.32,13.09
4.9,14.3,11.21,10.44
5.85,14.69,11.71,12.09
10.65,14.48,10.52,12.72
13.5,13.67,13.03,14.67
7.3,12.56,11.38,13.28
12.45,13.57,10.89,12.14
12.75,14.26,12.31,11.45
12.5,14.46,12.16,13.12
15.2,14.08,12.38,12.19
11.35,12.82,12.46,11.31
12.75,14.08,10.32,14.11
2,15.18,14.44,13.69
24.6,14.66,12.03,13.9
19,14.99,12.91,13.26
8.5,15.01,11.05,15.36
4.35,13.55,11.59,13.83
1.35,13.77,14.41,14.5
26.45,13.36,12.36,14.94
28.25,16.18,12.39,15.26
4.6,13.85,13.72,14.76
2.75,16.51,11.43,11.74
5.6,15.16,12.33,11.05
32.15,14.35,10.89,15.77
2.95,14,12.44,12.75
7.7,14.56,11.87,12.77
29.7,14.3,12.89,14.41
10.75,14.24,13.49,16.36
46.5,13.93,11.82,14.79
5.95,14.4,12.41,13.92
8.95,14.34,13.08,13.9
13.5,13.66,12.24,12.97
2.85,12.74,12.77,12.15
5.8,14.67,11.18,9.4
5.6,14.56,14.01,19.57
10.85,15.04,12.56,13.99
8.9,15.82,13.39,17.2
16.45,12.66,13.63,16.94
9.4,13.71,12.65,13.96
8.35,12.07,11.86,13.4
13.3,15.72,10.35,14.29
23.25,13.79,12.86,15.02
8.25,15.06,11.62,14.74
13.35,13.97,11.22,14.96
7.1,12.89,13.06,12.83
30.15,15.19,12.13,14.35
4.6,13.96,11.68,17.31
1.55,17.65,12.47,9.05
13.2,14.17,12.47,13.17
21.65,13.75,11.88,13.76
17.95,14.42,12.78,13.54
12.15,14.57,13.4,16.65
31.65,15.49,11.86,13.37
10.75,13.21,11.39,13.62
18.8,14.93,13.42,11.57
7,13.56,12.69,14.75
8.15,14.91,12.28,12.34
7.5,14.4,12.84,12.89
1.75,14.65,11.33,13.51
11.65,13.83,10.78,11.57
12.2,12.55,13.07,14.65
9.8,15.96,14.02,14.79
12.25,14.02,10.72,12.79
22.5,13.41,11.78,9.14
16.1,14.62,10.42,11.89
23.8,14.36,12.02,13.63
39,15.5,12.85,13.83
11.7,14.77,12.58,13.97
12.95,14.49,11.94,12.57
9.5,14.58,13.5,13.87
17.25,14.26,11.78,12.02
2,14.36,10.69,10.99
1.5,15.1,12.64,13.79
5,15.6,11.94,14.2
11.1,14.9,11.2,17.55
1.5,11.86,10.31,12.69
12.55,14.02,11.38,13.6
1.65,12.6,11.11,12.71
1.5,15.25,11.69,12.91
1.35,13.16,12.23,14.45
18.95,13.49,11.19,9.91
1.3,11.8,10.51,12.08
8.2,13.04,12.23,12.33
48.7,16.08,13.79,14.2
1,13.11,11.51,14.93
9.05,14.42,11.76,14.4
4.2,14.63,12.44,15.07
3.7,14.16,11.92,11.75
16.65,14.06,13.83,13.45
8,13.61,13.34,13.53
7.1,14.71,13.11,14.35
5.1,13.78,13.04,11.92
2.2,16.36,11.58,9.67
6.9,14.24,12.67,16.1
6.2,14.21,12.73,12.57
1.9,11.63,11.5,9.04
2.55,17.06,12.54,11.04
2.3,11.9,12.83,12.19
7.5,14.94,11.88,8.78
6.65,17.07,11.61,11.25
5.95,14.7,11.2,6.83
4.15,13.48,11.26,10.8
4.15,15.33,11.37,6.83
4.5,14.15,11.1,9.31
1.75,15.86,12.51,11.31
15.55,11.58,11.97,8.94
33,14.51,12.21,9.4
13.65,13.95,10,9.12
10.25,10.62,11.5,11.1
4.55,14.26,12.04,8.49
5.5,15.35,11.15,9.82
4.5,10.48,11.28,8.35
13.1,14.48,12.11,9.49
1.5,15.94,12.42,9.1
8.65,12.35,11.58,10.17
1.8,16.59,12.11,10.41
4,16.57,10.72,8.67
18.3,14.28,11.57,7.65
9.7,13.51,11.52,11.46
8.6,13.58,11.89,9.43
4,14.43,13.56,10.46
4.6,23.32,12.09,10.47
7.65,11.86,11.99,10.65
3.65,14.03,11.07,10.17
3,13.34,11,10.45
4.4,10.27,11.75,8.07
11.75,13.12,12,7.65
3.05,15.91,10.97,11.25
3.9,16.44,11.84,8.18
1,24.21,11.46,9.47
22.9,13.97,12.01,9.67
2.25,14.26,12.44,9.55
6.75,16.4,11.99,9.9
1.8,11.35,11.34,9.77
7.6,13.81,12.12,9.84
13.2,14.71,11.59,7.83
30.25,15.27,13.49,11.77
7.3,16.6,10.2,13.61
2.6,16.68,11.12,16.65
2.5,12.74,10.46,16.73
1.15,14.86,10.67,13.23
2.25,13.7,11.58,12.97
1.1,21.22,13.09,16.31
3.75,12.78,11.37,14.88
5.75,21.74,9.25,25.07
2.15,24.97,10.57,14.74
1.65,16.44,12.27,13.66
3.6,15.67,11.14,13.51
2.5,17.33,9.89,11.67
1.75,18.33,10.55,16.38
4.55,12.73,10.49,18.8
8.6,13.64,12.51,16.13
2.1,23.91,12.71,15.69
8.65,19.59,10.57,10.96
1.6,15.77,11.56,16.88
2,12.13,12,16.57
55.15,17.64,11.49,16.11
11.55,13.28,10.66,12
3,15.77,11.92,15.27
1.4,17.36,10.89,15.75
7.9,13.55,12,13.92
1.4,12.57,11.03,16.19
3,18.12,11.86,18.8
3.15,20.41,10.49,12.53
8.85,16.51,11.49,14.35
3.2,16.86,11.59,15.2
4.05,22.62,11.66,16.41
3,18.26,12.38,21.7
2.5,13.02,12.32,16.81
2.75,14.32,11.83,15.26
1.35,17.2,12.26,14.27
1,11.77,10.39,10.58
1.7,18.35,10.71,12.39
8.05,18.27,11.03,17.74
4.5,14.24,12,16.58
1.75,18.22,11.53,16.22
1.85,18.49,12.28,16.04
1.5,12.94,11.56,17.64
1,12.55,12.3,14.4
3.05,18.19,12.29,17.15
2.25,14.62,11.21,13.53
1.25,12.45,11.74,10.83
2.7,20.81,12.16,17.4
2.75,14.78,11.54,16.81
1.8,21.93,9.26,15.05
2.9,19.61,11.6,16.24
1.35,28.91,10.25,15.08
2.15,28.3,11.67,16.06
3.15,31.15,11.3,17.45
3.25,24.01,11.15,16.69
1.95,30.59,11.66,16.63
1.9,24.5,11.76,14.82
1.75,31.77,13.15,17.38
3.3,22.12,11.87,14.94
1.95,26.28,11.77,17.51
1,16.39,11.4,15.11
3.2,12.18,11.33,12.06
1,14.68,11.98,13.76
3.5,14.42,12.08,15.19
1,10.4,11.71,16.34
1.7,16.71,11.51,13.88
9,19.48,14.48,15.27
3.5,15.34,10.84,14.85
1.5,14.35,11.3,14.33
2.4,22.14,10.94,13.16
1.5,18.02,8.98,11.34
1.8,17.1,9.86,11.05
5.85,22.41,11.55,18.03
2.9,16.2,10.99,14.79
1.05,18.48,12.16,11.47
1,21.2,8.94,10.37
3.35,21.67,15.7,18.42
9.55,19.43,11.8,12.86
2.1,22.42,11.81,12.1
1.1,22.99,11.98,12.61
2.55,20.87,12.03,9.2
1.8,20.79,7.69,9.93
6.4,18.72,11.69,8.6
2.05,24.42,8.14,11.25
1.55,18.83,11.27,8.44
4.15,24.34,12.45,10.44
3,22.89,9.94,9.38
2.3,17.67,13.33,9.44
2.6,21.36,11.43,10.95
5.4,15.66,11.7,13.86
2.05,19.6,12.33,11.92
4.25,13.62,10.7,11.25
2,17.52,11.27,13.95
8.45,17,11.58,8.29
1,17.83,12.22,10.85
2.05,21.16,11.9,11.58
6,20.32,11.55,15.33
1.2,20.42,13.24,13.4
1.75,16.96,12.01,12.53
10.25,19.51,12.93,12.85
2.45,22.15,11.79,11.97
1.6,19.01,10.47,11.3
2.3,21.9,10.9,10.48
2.4,20.77,12.44,10.91
3.75,19.67,12.43,11.87
4.1,19.16,11.2,14.24
1,20.13,13.24,15.12
6.6,15.93,11.67,12.93
6.25,18.02,11.14,11.8
7.7,19.65,11.94,11.85
4.4,16.39,13.02,12.22
7.4,14.48,11.22,12.31
6.4,18.34,12.35,12.2
6.95,19.31,13.06,15.62
5.55,16.87,11.36,12.06
2.9,21.66,10.74,12.86
7.35,14.93,12.3,8.72
9.7,11.65,9.39,10.07
11,15.85,11.69,8.18
8.3,16.97,10.85,9.55
7.75,12.84,10.65,9.71
4.85,14.21,12.07,9.55
27.6,14.95,12.41,10.65
17.7,13.5,11.13,9.83
4.3,13.68,10.4,10.31
1.3,13.65,9.94,12.07
13.25,11.76,9.9,11.09
1.1,13.37,11.18,11.32
39.05,12.23,10.83,9.37
14.4,15.75,11.38,12.46
123.55,12.96,11.53,11.54
4.05,10.97,11.04,13.42
14.5,13.79,11.34,12.46
4.5,11.55,11.49,15.93
4,15.01,12.38,13.85
1.5,11.41,8.75,21.61
5.35,15.39,12.49,14.25
2.75,7.06,9.63,15.08
12.7,13.98,9.94,13.37
1.75,13.56,11.41,14.37
10.5,13.61,10.07,12.56
15.8,14.12,10.22,12.61
4,9.14,9.34,10.52
25.7,12.66,11.79,10.34
7.9,14.36,11.31,12.37
12,12.8,9.99,9.93
14.5,13.39,10.66,10.2
12.55,13.32,10.55,12.03
2.7,13.16,11.58,11.18
17.45,13.1,10.86,9.08
8.7,14.65,12.45,15.12
6.55,11.71,10.47,15.09
5.15,12.81,9.86,8.88
1.6,16.24,10.28,13.03
12.85,13.13,9.88,9.09
11.35,8.41,10.79,11.27
7.1,13.96,9.48,9.53
45.45,12.98,10.17,10
1,12.31,10.52,9.15
23.6,10.73,10.3,12.89
21.75,12.92,11.21,16.14
6.95,12.08,10.88,13.32
61.25,13.97,10.09,12.5
9.1,11.22,9.57,11.37
12.2,13.36,10.92,14.02
17.6,13.79,11.85,12.2
8.75,5.84,10.44,11.7
4.75,14.06,10.74,11.25
8.75,12.24,11.1,10.76
1,5.87,11.49,14.87
11.45,10.31,9.61,9.37
4.65,16.26,10.6,9.16
12,13.4,10.97,9.4
3.55,13,10.56,11.25
2.15,9.73,10.87,12.25
9.2,12.13,10.05,10.35
5.05,14.38,10.81,10.42
21,14.97,9.91,12.11
10,12.09,10.26,10.38
3.85,13.36,10.29,7.59
17.75,13.15,8.16,9.58
31.15,14.26,9.82,8.68
16.1,14.3,7.98,10.03
9.1,14.82,11.24,11.93
17.8,11.94,10.45,9.49
2,16,9.79,13.01
13.1,14.4,9.85,6.69
16.2,14.26,11.46,13.83
18.65,11.6,10.64,10.84
1.9,14.77,9.68,14.08
17.75,14.05,10.98,19.58
8.5,14.28,10.61,10.28
10,14.04,12.35,9.79
15.1,14.11,10.73,11.63
4.8,15.31,11.11,9.22
11.35,14.19,10.82,10.72
1.25,15.05,12.85,13.43
6.5,13.24,12.01,16.78
1.85,14.78,9.66,12.07
5.5,13.75,12.84,12.22
25.6,12.75,10.54,11.69
13.1,10.62,10.42,8.1
5.8,12.61,10.35,10
43.25,11.32,10,10.63
8.4,12.69,11.5,10.83
9.75,15.79,10.66,8.75
22.45,12.18,11.13,9.46
11.65,13.03,11.93,12.68
10.5,14.51,11.78,13.31
1,17.63,10.9,15.12
2.5,13.95,5.36,13.84
10.55,14.67,10.95,11.95
5,14.83,9.91,17.92
8.6,10.34,9.49,12.88
6.45,15.71,10.86,10.08
8.35,14.72,10.95,12.82
5.9,12.63,9.31,10.48
38.1,11.07,10.58,11.2
6.65,15.29,11.07,12.97
7.75,13.99,9.23,12.99
12.55,11.35,9.4,11.95
17.5,12.62,10.71,10.98
5.35,15.19,11.37,13.12
9.15,13.13,9.95,11.76
4.95,15.64,9.97,11.03
23.75,13.28,10.83,10.25
8.9,14.88,10.08,10.85
30.9,14.7,10.14,11.95
5.85,10.31,9.38,8.14
23.05,11.94,10.87,11.62
3,15.31,11.06,17.07
6.6,11.28,11.04,9.26
8.15,11.15,10.37,12.91
13.1,14.04,11.1,12.24
12.7,14.02,12.29,13.07
17.6,13.44,10.87,14.55
6.95,11.14,10.11,9.09
21.35,12.97,9.1,10.29
3.15,15.08,10.13,11.59
1,11.09,10.35,13.9
14.65,11.32,9.3,13.08
13.45,12.03,11.03,11.6
23.05,12.22,11.42,11.15
4,11.35,11.14,11.64
11.25,10.43,11.57,12.78
23.65,11.9,10.74,9.88
1,11.46,9.95,9.4
3.35,11.64,10.24,11.45
12.15,12.63,10.3,9.17
6.75,11.64,10.44,10.73
12.75,13.51,11.29,11.32
2,16.69,12.6,12.34
5.65,12.73,13.54,10.69
3.8,15.67,10.87,13.13
1.5,11.13,10.54,8.58
15,11.6,10.1,9.32
2.9,5.17,10.28,9.47
7.15,13.66,13.3,10.48
2.9,13.9,11.17,10.58
2.2,13.47,10.92,7.29
58.5,11.8,9.8,10.65
16.95,6.54,10.75,11.27
17.25,12.42,9.93,8.65
28.75,8.27,10.4,8.77
26.75,10.94,10.72,9.35
14.75,3.56,8.15,7.48
22.15,14.04,10.2,7.25
23.25,15.08,10.6,9.05
26.75,11.55,11.47,8.49
8.1,7.39,10.22,7.54
27.75,5.96,8.91,7.13
33.3,9.99,9.26,6.98
19.65,11.9,10.51,9.1
7.55,11.92,10.05,7.77
11.95,13.37,11.27,8.87
10.6,12,10.49,6.93
4.9,10.67,9.56,8.21
24,10.97,10.43,7.01
15.5,12.2,10.14,7.6
11.25,14.74,10.32,8.65
5.95,12.36,10.35,8.45
1.55,11.81,7.12,7.41
38.35,12.3,10.53,8.05
25.9,19.14,12.45,11.36
18.25,22.88,9.82,9.92
1.25,17.56,12.05,7.39
6.9,23.82,12.14,12.02
5.9,23.79,11.71,9.97
25.9,26.12,12.37,9.7
21.35,22.7,13.38,10.19
5.3,20.84,11.33,9.81
15.3,22.36,12.52,9.53
5.25,13.6,9.07,7.9
16.15,18.59,11.2,10.06
7.3,20.43,13.37,10.84
4,19.78,10.19,10.7
8.35,24.43,11.25,8.24
7.25,20.59,10.57,8.69
6.25,24.73,11.42,8.39
7,24.24,10.52,11.57
19.3,22.6,11.41,11.57
55.8,21.09,11.16,9.48
1.85,25.51,11.67,11.23
12.1,26.94,12.3,11.77
11.15,20.1,12.11,10.9
3.45,24.34,11.32,15.17
3.55,26.94,12.05,15.47
2.3,23.25,10.36,12.21
5.65,15.93,11.26,15.09
3,17.12,11.63,10.84
1.75,11.9,9.28,12.7
2.15,21.87,11.64,16.97
1.25,13.16,11.77,14.44
1,9.79,8.24,11.48
3.25,16.46,11.81,13.17
6.25,16.65,10.77,11.57
1.1,20.35,11.87,11.79
16.9,14.85,10.64,13.42
5.3,13.96,10.52,11.87
2.9,16.11,9.59,11.91
1.25,13.72,11.09,13.55
3.35,16.99,8.55,12.67
2.75,15.14,10.79,10.91
4.5,15.12,11.42,13.92
9.25,15.46,11.68,15.93
3.1,15.29,11.21,15.14
4.55,19.35,12.09,11.04
2.25,8.12,11.42,15.12
1.75,16.97,11.77,11.28
4.9,16.47,11.21,12.37
1.2,15.21,11.41,11.71
1.2,15.43,10.97,11.18
4.35,13.4,10.52,11.38
3.8,17.29,10.7,13.2
1.35,14.26,10.3,14.33
33.2,13.56,10,11.73
4,21.88,9.21,12.2
26.8,15.63,9.08,14.39
6.85,17.33,10.3,13.22
3.2,18.07,11.76,15.02
1.85,19.59,10.51,12.7
1,17.47,11.26,11.56
3.85,12.67,9.16,10.05
3,20.43,11.77,12.07
2.6,16.57,10.42,11.45
3.7,17.81,11.64,12.29
2.15,19.96,10.58,13.45
3.6,22.18,10.55,12.58
11.75,14.01,12.11,14.43
3.45,22.42,11.72,14.01
5.7,15.61,8.91,11.29
7.95,17.3,9.99,11.9
1.05,19.47,11.43,13.64
6.45,18.45,10.88,12.5
1.3,15.65,11.46,12.13
6.1,15.06,11.15,13.68
3.05,15.7,10.81,10.39
4.8,17.52,10.73,14.87
1.9,18.99,11.1,11.36
2.25,19.6,10.55,12.38
2.4,19.13,10.92,8.14
1.1,14.35,11.24,14.51
15,15.37,10.6,12.61
1.1,17.7,9.53,10.82
3.6,14.71,10.61,12.53
2.4,21.63,10.89,12.65
1,20.25,10.51,14.85
1.25,16.67,10.4,11.02
1,9.57,11.16,12.9
5,17.69,11.02,17.51
3.25,16.66,13.24,14.38
5.45,16.85,11.36,8.97
2,19.52,11.75,10.09
4.05,16.14,12.37,10.44
1.35,13.3,11.31,8.68
3.15,26.02,12.31,8.46
1.25,14.98,11.79,9.11
4.05,20.61,11.59,10.2
1.85,17,11.07,10.58
2.5,16.05,11.38,10.05
6.5,16.51,11.8,11.63
4.3,14.75,11.83,11.79
2.7,10.19,10.09,10.98
3.2,14.54,11.24,12.18
4.4,14.33,10.83,8.81
11.15,14.5,12.08,7.58
2.15,12.45,11.52,17
1.4,14.83,12.09,11.08
3.55,19.06,11.86,9.94
5.8,17.14,11.62,10.46
1.7,17.4,10.79,10.62
2.75,16.2,11.01,8.76
52.65,16.67,10.71,9.23
3,17.94,11.54,11.59
20.35,11.63,11.91,9
4.3,14.63,12.09,9.29
8.2,16.56,11.45,9.28
3.75,12.29,11.78,12.54
24.55,16.1,11.23,9.03
7.8,16.38,11.06,8.13
2.05,17.53,10.98,11.12
1.75,15.2,11.15,9.78
1.25,12.28,10.16,5.93
5.75,14.25,11.15,10.46
5.75,16.44,12.98,12.66
2.85,18.83,12.52,14.2
1.55,17.45,14.27,16.91
16.2,19.9,12.7,15.34
30.3,15.22,12.14,9.16
2.75,16.87,10.74,13.81
1.35,18.59,10.85,11.85
2,17.41,12.18,14.43
1.5,18.75,13.58,14.54
6.05,20.69,12.12,12.53
1.05,18.48,13.24,12.27
24.5,15.51,10.07,10.66
2,10.19,12.58,15.38
3.1,15.66,10.75,14.47
4.7,14.1,11.08,13.71
8.2,18.71,9.87,9.64
3.4,14.8,12.07,16.59
1.2,22.55,11.21,13.88
1.8,15.18,10.41,12.88
2.5,14.67,12.89,16.43
10,15.18,11.64,14.88
1.25,26.53,13.57,18.26
1,12.43,12.38,16.42
8.7,14.13,11.59,14.04
2.6,15.93,10.94,14.97
1.1,18.88,13.34,14.97
2.1,16.16,12.61,13.27
10.95,16.96,12.76,15.83
6.4,18.26,12.43,14.44
1.5,18.7,12.13,8.18
2.5,15.61,10.53,11.46
1.75,16.48,12.7,15.02
9.75,17.89,12.01,12.48
2.65,22.5,11.21,14
10,17.87,14.38,15.02
1,15.89,12.55,14.05
4.65,17.35,12.09,10.38
10.65,18.99,10.45,17.63
4,15.81,13.3,13.68
4.25,15.59,12.94,14.53
2.2,16.61,11.08,17.67
1,11.2,12.2,12.2
3.95,22.65,11.06,14.56
3.45,13.96,12.18,15.08
1.4,14.35,11.71,13.48
1,16.56,12.88,17.41
1.2,17.74,13.81,14.73
5.55,15.63,13.11,13.7
11.25,14.61,12.85,12.71
3.1,19.23,12.93,11.24
2.6,17.41,12.95,14.89
3.9,15.71,12.09,11.54
4.6,15.08,12.37,14.86
1.75,17.36,11.77,12.99
4.4,17.2,10.68,10.67
5.7,17.86,10.77,11.97
6.1,17.72,12.33,11.94
4.15,16.7,12.4,14.56
3.5,20.41,11.8,15.18
5.4,18.76,13.72,16.71
2.25,14.71,10.78,10.78
2.85,15.83,11.73,9.51
1.6,16.66,8.51,8.61
2.3,13.57,11.75,12.68
2.55,14.42,11.73,15.75
4.75,20.21,12.37,15
5.7,20.57,12.62,15.17
5.35,20.37,11.66,15.41
4.75,18.9,10.86,13.3
1.45,15.41,11.53,12.66
3.5,19.47,13.41,16.52
8.45,13.83,10.73,12.7
1.1,17.88,12.61,14.74
1.5,17.16,13.47,15.94
6.05,14.93,12.9,15.7
2.2,14.39,14.68,14.53
1.1,19.2,12.7,12.78
2.45,15.66,13.05,14.21
1.5,18.56,12.39,12.96
1.7,17.23,12.1,10.12
4,15.27,10.04,9.04
1.45,14.8,10.98,12.06
2.4,16.3,12.15,15.31
23.1,14.87,13.61,13.53
5.4,13.4,9.61,11.12
2.4,20.48,11.44,14.69
4.95,17.01,11.67,13.17
2,14.21,10.54,12.04
1.5,14.87,10.88,16.94
2.05,13.27,11.34,13.73
1.6,17.37,12.26,10.32
13.6,17.16,13.24,13.51
1.6,28.81,12.23,15.52
2,15.29,12.01,12.53
7.95,15.37,13.41,15.86
3.3,15.64,13.31,11.22
1.5,14.29,13.59,13.94
3.2,16.68,13.43,12.69
1.65,17.46,12.93,11.42
1.75,15.15,12.23,10.92
2.8,16.09,12.09,11.66
4.25,11.81,12.87,11.1
1,10.54,13.56,13.22
1.25,15.94,12.16,11.57
4.15,12.66,11.45,9.85
2.75,27.29,11.88,14.06
5.85,17.97,11.22,11.83
1.7,17.32,13.96,12.98
2.75,17.95,12.4,12.6
6,19.46,14.94,10.31
1.35,13.5,13.11,9.38
7,16.36,13.41,10.67
9.65,15.74,11.38,10.99
2.15,18.29,11.57,11.58
1.2,17.41,10.23,14.48
1,24.94,11.27,12.15
1.5,24.68,12.14,10.17
4.5,19.27,10.09,9.09
6.3,14.58,11.91,9.9
2.5,22.99,10.98,8.19
1.15,18.16,12.23,11.54
12,17.35,10.3,11.92
6.05,13.49,10.27,10.84
10,19.79,10.91,11.58
3.5,17.03,10.11,10.41
1.2,26.79,11.74,9.99
3.4,17.22,11.66,10.98
1,19.89,10.78,11.5
1.2,16.4,11.8,13.82
7,17.16,11.57,12.7
1.5,15.31,12.36,12.83
3.5,25.86,10.24,11.11
1,28.82,12.62,12.6
14.25,17.84,13.05,13.33
8.15,22.4,11.53,15.09
1.5,22.95,17.04,20.81
1.85,19.2,10.98,5.75
1.5,10.8,10.76,13.6
10.75,15.21,11.15,11.76
5.25,19.41,11.52,11.71
3.75,17.37,11.19,13.22
2,27.71,11.91,13.81
3.5,16.73,12.53,8.65
2.1,21.72,11.51,12.28
2.5,18.06,11.85,15.51
2.95,18.61,11.89,11.66
3.05,22.34,12.57,15.1
2.55,14.93,13.54,16.2
1.25,16.31,13.12,14.07
10.7,14.54,10.92,9.53
5.65,17.19,11.75,10.59
3.8,22.48,10.57,9.61
4.9,20.89,11.2,14.38
4.2,17.29,10.99,13.24
5.2,23.85,11.39,11.35
2.55,19.15,11.83,16.53
1,15.78,11.09,8.91
6.35,16.09,9.78,13.09
3.1,19.7,12.39,10.05
13,10.24,11.76,13.74
4.75,17.28,11.19,13.02
2.8,16.62,11.31,12.59
3.55,18.66,11.89,18.09
3.2,18.64,11.72,11.93
9.15,20.12,11.92,12.96
2.95,27.78,11.16,12.48
1.5,14.34,11.55,13.55
4.85,18.18,12.1,13.16
5.85,20.67,11.86,13.18
2.65,15.92,14.14,15.99
1.8,15.2,10.15,11.81
2.5,20.62,10.41,8.5
4.1,20.26,10.36,12.14
1.5,8.86,10.81,14.61
4.5,18.28,11.28,13.42
1.75,23.54,10,11.19
6.5,22.66,10.69,12.52
2,17.44,12.22,13.67
4.35,22.54,12.2,10.65
7.25,19.19,12.56,13.99
1.5,13.74,11.42,10.14
3.5,16.74,11.55,10.84
1.75,20.4,11.61,11.94
1.5,20.28,10.58,9.42
15.95,18.12,11.61,9.9
8.45,19.46,11.57,8.01
6.3,19.75,11.61,12.01
25.7,18.69,12.08,11.79
17,18.77,10.81,9.86
1.75,19.81,11.75,11.89
5.95,21.8,12.31,13.5
6,15.54,10.53,8.51
1.25,19.57,12,11.31
1.45,16.79,10.96,10.25
23.75,19.35,12.32,10.83
25.35,19.05,13.4,12.55
4.35,20.35,13.34,9.73
14,18.59,13.1,7.8
4.4,19.59,12.04,10.14
14.35,19.02,11.56,10.27
9.1,15.21,11.18,10.6
10.8,16.37,10.55,9.6
9.2,17.17,11.21,9.31
5.5,18.64,13,11.05
6.6,16.12,12.21,8.82
9.05,20.21,10.81,11.81
6.2,17.9,10.97,11.56
20.35,19.17,9.63,9.82
1.4,19.77,11.54,10.52
26.8,17.59,10.82,8.87
10.4,19.94,12.14,13.01
2.9,20.76,12.35,16.09
7.75,15.66,10.82,10.39
16.25,20.35,12.93,10.77
8.45,17.45,10.9,11.78
7.85,19.93,10.26,13.31
14.35,20.21,11.29,12.14
24.1,18.09,10.03,11.67
16.35,17.89,10.3,11.06
36.2,18.04,11.11,11.17
2.4,20.52,10.89,9.94
2.9,19.04,10.15,8.95
4.65,19.81,11.27,10.21
20.35,18.54,10.34,9.75
4.15,20.08,8.64,8.54
6.45,18.55,8.59,10.22
3.2,18.68,12.36,9.57
22,21.25,10.2,9.25
4.4,19.65,10.18,12.32
8.55,17.15,10.6,12.96
15.4,20.82,11.38,11.03
13.2,19.86,11.25,13.18
3.8,20.05,9.86,9.23
16.6,20.23,10.69,8.77
33.25,19.32,9.8,9.83
9.85,19.55,11.43,10.93
31.15,19.56,10.2,10.93
3.6,17.92,11.1,11.01
11.6,19.04,12.87,10.24
16.5,17.03,11.31,10.11
15.05,19.44,11.87,11.68
3,21.58,12,11.27
17.05,18.88,9.94,8.39
2.8,18.38,11.56,11.31
15.55,19.49,10.97,9.47
12.25,21.62,11.28,11.58
13.95,19.09,11.27,11.92
9.9,20.61,12.47,11.5
6.3,17.88,11.32,10.16
17.3,18.72,11.41,10.24
7.25,20.32,11.11,14.45
23.95,20.02,11.88,13.02
5.75,16.91,10.37,12.37
27.25,21.38,10.91,11.3
5.85,23.29,11.99,13.12
11.2,18.63,11.12,9.66
14.95,18.73,9.73,10.25
10,20.38,12.16,12.23
13.05,20.3,10.36,12.05
13.8,19.19,10.53,10.58
4.25,20.3,11.78,10.8
37.5,19.91,10.2,8.99
2.3,20.7,10.62,12.52
5.95,17.66,9.93,12.05
7.15,20,10.6,11.56
3,21.4,10.32,10.6
11.1,17.53,11.17,14.15
5.2,20.57,11.45,12.89
4.1,19.54,10.51,11.29
2.5,18.03,10.58,12.11
9.05,18.87,10.2,11.41
16.6,18.92,12.14,9.89
4.2,19.42,10.31,7.24
7.4,19.34,9.26,8.87
11.2,19.4,10.82,11.59
3.75,20.41,11.63,12.11
12.5,19.11,10.41,9.77
15.7,19.74,10.42,18.3
9.55,20.12,10.69,11.52
5.8,21.68,11.56,12.78
4.7,19.52,10.65,11.87
6.95,20.34,12.42,9.71
5.5,23.05,10.91,8.82
13.4,18.96,11.38,6.84
8.45,19.14,11.5,11.74
12.85,21.2,10.68,8.8
9.45,21.32,10.32,9.89
10.45,21.89,11.38,9.92
9.25,20.37,11.93,9.3
4.65,21.99,11.35,11.91
2.15,19.94,13.68,8.95
15.25,20.78,11.41,10.64
9.95,20.98,12.32,11.43
5.2,20.72,11.47,8.51
22.7,19.42,10.66,9.54
8.15,19.41,10.09,8.52
14.05,19.43,9.47,8.7
6.6,20.3,10.6,10.66
14.35,21.14,11.17,10.59
5.5,20.86,10.48,11.71
21.25,19.54,10.76,9.96
5.85,16.28,10.62,10.48
12.3,20.46,12.32,14.85
3.2,20.3,10.65,12.07
12.8,20.12,10.82,11.22
4,18.05,9.27,7.85
13,22.77,13.62,8.33
7.4,21.89,11.12,11.11
14.7,20.48,10.31,12.58
3.6,21.31,11.36,11.6
8,18.08,11.15,11.12
16.45,23.53,11.17,11.11
13.55,19.64,10.34,9.35
24.05,14.74,11.08,11.01
24.15,20.39,10.48,11.67
4.05,21.23,10.79,12.6
7.3,19.89,11.88,9.98
15.45,20.94,10.94,11.88
9.3,19.69,10.63,10.45
8.55,22.35,10.87,9.73
6.6,19.77,10.74,10.68
12.6,16.01,10.22,8.61
4.5,16.6,9.67,12.18
12,22.12,10.77,13.27
22.6,21.22,10.95,10.55
25.4,22.57,11.61,14
4,12.21,8.57,9.82
17.4,22.03,11.41,10.09
10.1,21.26,10.63,10.63
21.85,21.28,10.81,12.28
16.5,13.89,12.4,10.8
7.5,15.28,12.54,12.76
16.7,14.18,12.92,13.91
13.25,14.73,11.61,10.85
1.75,16.08,12,11.9
2.5,14.77,12.76,9.21
11.85,13.28,10.77,12.1
4.45,13.73,11.08,13.4
16,14.41,12.08,11.48
11.75,14.88,11.63,14.88
12.75,15.33,11.97,11.77
4.05,18.89,12.67,12.99
14.9,15.14,13.18,12.67
4.6,17.26,11.92,12.31
9.85,13.65,11.68,14.66
17.05,17.09,11.23,16.28
6.6,14.75,12.89,15.32
14.15,14.17,11.45,11.08
17.25,14.76,10.68,10.04
5.85,15.29,11.44,11.52
18.25,13.76,13.65,11.21
26.55,15.81,11.64,12.07
14.9,15.42,12.62,10.08
1,20.26,13.03,8.52
4.5,17.28,12.74,16.86
11.8,14.72,11.53,13.67
17.55,14.94,11.09,11.31
4.55,13.58,12.01,9.35
18.6,15.36,12.97,13.01
4.75,19.03,12.06,12.05
1.75,14.47,11.07,7.7
2.6,13.88,11.71,20.63
3.35,14.23,12.5,15.19
14.2,14.1,9.93,9.51
4.2,14.02,10.31,10.36
9.35,13.86,10.05,7.81
14,13.66,12.02,11.09
3.2,16.29,12.05,10.43
16.9,16.14,12.08,13.99
6.6,14.36,11.07,12.1
6.3,15.54,12.72,13.31
20.35,14.62,10.78,9.71
6.9,13.95,12.19,13.1
4.85,16.27,12.67,11.94
6.1,11.75,11.52,8.12
13.95,13.71,12.19,8.74
6.6,16.68,11.58,10.39
10.55,14.54,11.28,11.49
6.05,16.88,12.01,12.47
16.15,14.64,12.04,12.24
20.9,12.77,10.88,11.11
14.65,14.59,11.87,11.25
6.25,13.8,12.66,9.34
14,13.8,12.92,10.96
14.5,15.33,10.84,7.63
2.75,14.63,12.12,9.78
2.15,15.69,11.63,11.22
11.85,14.76,11.23,9.26
33.8,13.57,12.52,11.26
21.5,12.32,12.01,11.19
2.05,8.82,12.22,15.59
6.7,15.53,13.29,11.85
4,13.31,12.37,11.38
16.9,13.18,12.5,11.96
21.5,12.83,11.82,10.39
23.05,12.91,11.44,11.81
11.4,13.19,10.62,9.59
8,13.92,11.88,11.98
34.15,13.22,12.12,10.79
2.3,13.85,11.29,12.38
20.6,14.51,12.71,10.87
28.5,11.46,10.15,10.2
10.05,15.75,12.64,12.3
34.15,14.85,9.75,9.71
2.6,15.24,11.32,11.23
10.7,14.75,11.86,12.96
4.85,15.72,12.65,12.18
5.15,14.98,10.62,10.73
3.65,15.77,11.5,11.95
10.15,14.24,10.6,11.54
3.6,15.31,11.85,13.59
1,13.94,11.62,11.16
5.6,14.67,10.48,11.54
9.5,14.95,11.3,11.17
15,12.65,9.27,12.06
2,13.71,11.92,12.84
14.35,13.68,10.81,11.03
6.5,14.44,12.7,10.71
4.3,14.72,10.77,8.86
11.55,15.83,10.73,11.44
37.2,14.61,11.32,12.1
2,18.74,11.93,8.66
5.45,23.55,12.85,10.99
4.1,21.89,11.58,9.13
12.7,19.33,12.24,10.56
6.85,22.06,10.82,8.48
21.1,17.16,11,10.66
1,21.45,12.32,7.32
4.55,21.75,11.47,11.68
5.5,22.16,12.45,11.02
6,20.7,10.95,11.05
1.75,23.02,11.39,11.58
12.4,23.79,13.3,9.39
35.2,18.82,12.51,8.57
4.85,24.84,12.34,9.56
1.6,21.35,12.64,9.75
2.25,22.87,12.51,8.85
10.05,21.41,12.58,7.86
7.6,23.36,12.37,7.96
1.9,18.09,11.21,9.66
10.8,19.65,11.79,8.15
5.55,22.57,12.42,8.71
3.5,21.32,11.2,11.28
3.65,21.33,11.53,9.04
5.2,17.28,10.66,7.49
3,23.46,10.93,12.52
1.75,21.86,11.46,10.66
4.55,20.63,11.77,9.54
5.1,23.84,13.04,15.36
1.5,18.37,9.59,11.94
2.25,17.98,11.71,10.32
2.2,18.62,11.63,8.96
2.95,18.69,9.45,9.93
10.15,23.6,11.42,10.97
3.75,21.26,11.32,10.71
3,21.43,11.89,12.07
4.75,24.43,11.96,11.03
17.9,13.55,12.02,11.08
9.65,20.67,12.86,11.35
9.5,18.27,11.13,9.63
5.35,23.45,11.74,7.1
2.7,21.49,11.87,10.72
20.15,19.21,10.93,7.96
6.75,22.8,11.9,10.88
2,17.13,9.75,10.83
1.15,17.92,11.68,13.49
1,21.44,11.35,11.8
2.25,13.96,11.8,10.52
3.4,17.99,12.48,11.08
5.5,14.06,10.01,12.52
3.8,14.53,11.02,9.16
2.25,16.36,11.44,11.8
3,15.01,11.14,12.76
4.4,30.24,10.88,10.86
3.45,20.98,13.8,14.08
11.8,27.29,11.67,10.84
6.65,29.86,12.72,10.28
3.5,23.67,12.22,10.75
2.5,29.34,9.13,9.92
13.25,18.18,10.74,12.58
33.3,19.69,11.74,10.83
4.55,21.31,10.44,11.34
1.4,28.39,10.24,10.02
4.7,18.58,11.48,11.49
5.65,13.9,11.29,9.59
10.2,21.74,11.42,10.7
8.25,21.46,11.63,12.99
24.8,16.9,12.99,11.3
4.75,27.49,12.18,10.35
2.75,24.24,7,10.01
17,18.56,11.2,9.7
17.35,22.11,12.21,11.25
8.6,26.87,10.84,9.81
4.9,24.63,10.84,12.32
1.5,28.24,11.41,9.2
4.2,19.59,10.74,10.05
5.45,17.97,11.35,8.38
1,29.18,12.18,12.11
3.5,29.9,11.07,13.67
2.75,31.43,9.76,10.33
1.45,22.12,12.48,15.76
3,9.05,10.02,12.95
4.15,23.18,10.85,12.56
3.5,19.94,11.14,11.33
2.3,24.86,10.9,9.33
1.7,31.4,9.89,12.19
1.5,19.9,10,12.59
3.8,16.37,11.27,14.23
18.4,13.14,12.08,11.87
8.65,12.82,12.83,11.29
4.75,15.52,12.26,12.89
5.5,15.18,12.73,11.49
6,14.85,12.61,13.08
3,9.2,11.86,10.73
2,14.45,11.69,11.81
2.55,13.42,12.75,14.73
1.5,15.24,11.33,12.75
3,11.53,11.82,10.03
1,17.86,12.65,13.53
4,13.08,11.01,12.92
6.5,15.43,13.36,12.32
4.3,14.43,12.48,10.71
15.65,12.87,12.37,11.33
6.6,13.11,11.5,11.32
3,12.24,11.77,13.84
3.25,13.94,11.06,12.74
2.1,16.02,10.9,12.95
3.1,15.05,11.05,12.8
2.5,15.73,13.46,12.96
2,20.03,12.88,14.59
5.5,13.55,12.32,12.88
10.45,13.37,10.24,12.29
7.65,15.22,12.9,12.26
3,11.45,12.17,13.71
1,16.09,11.29,14.72
8.15,15.7,10.89,13.15
21.15,14.1,12.39,13.19
2.75,13.24,12.81,10.93
2.75,14.32,11.79,11.63
6.15,14.78,11.6,10.85
10.5,8.89,14.25,13.43
7.5,9.79,10.88,11.12
3,14.33,11.15,12.01
6.5,11.51,10.9,12.76
2,10.12,10.36,10.98
1,12.14,10.61,13.56
3,12.98,13.21,11.95
2,16.93,12.26,14.67
1.45,16.85,10.73,13.07
1.7,18.33,10.3,13.65
1.35,12.29,11.85,10.83
2.45,17.1,10.64,13.59
2.25,16.25,11.16,13.68
4.5,17.52,11.35,13.15
8.15,12.05,12.96,13.25
1.25,13.67,12.11,15.21
5.6,15.84,10.82,12.52
5.15,14.69,11.64,12.47
1.1,18.08,12.25,11.62
7.55,17.06,11.39,13.96
2.25,15.37,10.33,10.1
8.05,14.15,12.13,10.51
12.15,13.73,13.26,12.64
4.25,12.55,11.37,7.95
1.1,12.24,11.63,10.35
1,13.8,11.03,12.16
2.85,14.06,11.78,11.73
2.6,14.01,11.85,12.96
1,12.03,11.49,10.93
5.25,14.38,13.27,10.9
4.25,13.07,13.21,12.61
1.5,13.62,12.2,12.39
2.25,15.06,12.2,10.64
1,16.33,12.06,11.7
1.5,20.33,12.03,9.48
2.2,15.81,11.08,9.85
5.25,15.87,14.51,11.37
3.9,14.83,13.96,10.96
10.35,14.08,13.3,8.72
7.55,13.96,11.83,9.42
1.25,14.19,11.85,13.36
3.8,13.12,12.99,9.81
5.05,13.84,12.52,12.93
1.25,13.43,11.19,10.47
7.45,17.34,12.29,7.97
6.95,12.98,12.3,11.03
1,16.14,13.47,10.61
2,18.97,12.27,11.86
2,14.19,11.7,9.54
4.75,13.99,12.65,12.16
16.05,15.3,11.28,10.09
5.9,15.82,12.56,12.1
7,15.24,11.61,10.58
8.4,14.53,12.13,10.53
6.75,17.11,11.07,10.15
2.75,12.86,12.8,9.98
25.6,21.27,11.49,15.61
7.65,15.18,13.42,14.81
2.45,18.33,12.33,18.6
4.8,24.64,11.83,11.53
21.75,15.56,12.31,14.11
3.25,14.1,10.72,12.52
13.45,16.27,10.93,12.3
11.75,17.07,11.8,11.37
2.7,18.53,10.56,12.64
10.6,14.98,10.03,10.63
6,16.38,12.4,14.48
4.3,17.78,10.38,11.4
8.6,17.16,11.17,13.53
4.65,19.07,12.27,14.48
22.1,14.86,11.73,14
24.35,17.72,12.39,10.84
14.3,19.78,12.52,13.03
2.45,21.29,12.51,15.18
3.45,14.23,9.82,10.34
5.55,15.07,12.61,13.08
7.45,15.24,12.47,17.02
1.9,28.77,11.92,17.87
5.85,16.34,11.21,11.45
10.15,15.8,11.47,11.66
6.55,16.46,10.87,13.03
10.2,16.29,12.03,14.09
12.55,16.28,12.4,11.28
3.2,17.83,11.79,14.06
1.35,19.34,10.46,11.38
1.2,15.65,13.64,17.13
10.15,13.21,10.57,16.31
21.85,15.3,11.48,9.53
7.5,16.08,11.09,11.99
1,17.47,11.64,11.17
12,13.87,11.86,12.68
4.25,16.36,12.06,12.74
2.15,22.03,11.12,13.43
6.6,17.75,13.62,13.08
22.95,17.77,11.11,14.71
9,15.82,12.05,16.36
13.9,13.23,11,12.76
5.5,15.99,11.62,13.58
6.35,14.72,9.46,13.52
29.55,16.09,10.03,15.63
1.5,10.02,11.24,14.22
10.25,16.14,11.44,14.44
14.5,13.77,11.92,15.19
11.85,9.01,12.04,15.42
2.6,14.13,11.02,12.38
11.35,15.88,11.65,14.29
1.6,17.2,12.59,14.11
2,17.85,11.3,12.73
2.25,15.82,11.9,14.01
2,13.82,12.95,11.78
1.6,16.76,10.9,11.89
72.4,17.18,11.49,13.84
1.15,14.5,10.93,13.11
2.5,14.82,11.61,13.65
4.85,17.37,11.86,14.08
11.4,14.53,11.85,17.57
3.95,17.15,12.57,13.48
1.75,15.66,10.35,12.83
12.25,15.72,14.59,10.76
2.35,18.82,11.68,14.02
7.4,14.67,10.43,11.51
2.7,18.59,11.03,14
17.4,20.87,12.19,14.45
1.5,13.55,12.26,13.82
2.45,14.99,12.25,12.01
2.05,15.11,10.32,14.5
2.45,14.29,11.21,13.11
1.75,16.01,11.95,14.14
10.9,15.35,12.1,12.04
11.4,16.15,11.45,12.53
9.35,18.68,10.84,12.47
18,16.22,11.59,11.03
4.8,17.2,11.63,14.23
11.9,16.87,11.79,17.7
10.15,16.59,12.61,15.37
5,17.66,11.19,14.68
7.55,16.42,11.04,13.69
3.15,15.61,12.64,16.86
7.15,13.04,11.06,15.88
4.9,12.75,12.59,11.65
2.95,18.26,11.5,10.8
14,17.25,10.65,8.86
12.25,33.37,10.99,6.91
6.95,19.58,10.37,9.64
2.45,23.94,11.9,11.13
4.95,15.85,12.38,12.43
4.85,27.34,10.84,7.46
7.75,24.86,10.96,11.01
14.05,24.97,12.18,9.87
2.9,24.21,10.56,9.62
6.3,26.92,12.96,11.41
7.65,26.27,11.81,10.54
8.5,17.32,11.43,11.97
14.4,19.17,11.72,11.7
13.25,21.43,12.23,8.27
3.35,23.91,10.53,10.7
6.3,25.15,11.18,9.32
12.4,24.62,11.91,8.51
10.25,30.87,12.27,11.11
26.15,11.65,10.69,10.91
30.7,17.87,11.59,9.83
3.8,24.24,11.57,9.96
4.2,30.92,11.84,10.07
4.15,28.69,13,11.25
3.6,24.44,11.33,10.32
1.75,34.33,11.75,7.26
9.2,10.74,9.88,8.36
5,16.24,11.52,12.29
5.05,18.14,10.21,10.56
1.3,17.69,12.38,12.32
8.35,23.97,9.76,7.82
1,13.81,11.38,11.52
2.35,27.76,11.67,11.82
3,28.29,12.08,8.15
7.25,26.31,11.8,9.05
3.15,17.9,11.87,12.15
13.45,24.78,12.37,9.72
20.25,23.88,10.62,9.73
4.85,27.92,11.36,8.23
4,25.1,10.78,10.89
15.05,26.54,10.25,10.01
5.5,14.68,11.54,11.47
1.1,31.98,12.45,11.61
12.9,21.34,10.36,9.76
1.1,19.84,11.36,12.1
2.2,14.43,12.53,11.03
3.8,17.9,12.69,13.36
3.75,16.67,11.32,13.73
1.1,15.48,12.06,10.53
1.7,21.2,12.59,12.44
1.5,16.35,9.48,10.88
1.05,12.71,10.08,17.31
1,22.26,12.3,9.65
2.5,9.57,11.02,13.49
4,16.9,11.08,11.03
1.5,19.08,13.04,15.18
1.5,11.46,11.58,10.29
1.75,17.46,12.16,13.09
1.9,14.46,12.77,14.76
15.45,8.68,12.15,11.02
5.5,17.92,11.51,8.75
7.85,13.51,11.76,11.03
9.15,15.34,11.49,11.01
2,8.65,12.29,8.9
1.25,16.52,10.28,11.27
9.95,11.62,11.5,10.12
3,17.66,11.68,10.48
3.65,18.07,10.37,9.03
2.5,18.07,11.14,10.45
1.15,16.88,11.63,8.16
1.25,12.05,11.85,10.55
1.8,14.72,12.18,13.5
3,16.05,10.73,10.23
2,19.25,11.57,12.53
2.5,16.67,11.18,12.99
3.75,18.15,10.35,9.95
7.15,15.46,12.09,11.69
7.85,17.8,11.6,10.19
5.15,16.55,11.84,8.97
2.25,8.2,9.73,8.51
1,15.6,9.91,10.49
1,6.72,10.2,7.52
2,7.13,10.86,9.61
2.85,9.81,9.89,11.82
2,13.33,10.78,10.59
1,6.85,9.28,7.33
2,8.37,10.9,11.37
1.85,11.84,11.84,10.35
1.2,11.61,11.28,11.74
2,10.18,9.47,10.43
1.55,11.85,11.67,11.33
1,19.52,9.92,10.57
1,12.09,11.36,8.88
1.25,15.67,9.96,9.62
1.5,14.14,10.88,10.57
1.5,11.99,10.52,11.49
2.45,15.14,9.64,8.59
1.65,9.05,10.7,9.93
1.25,8.95,11.85,9.21
21.45,20.69,11.43,10.42
25,20.17,11.33,10.2
14.8,18.95,11.45,11.75
28.65,16.29,11.28,9.8
6.8,19.5,12.26,10.66
12.55,18.82,12.36,12.33
12.95,19.95,11.78,8.42
4.75,20.63,11.62,9.69
21.75,19.29,10.74,8.99
18.55,20.02,12.04,9.56
19.85,18.55,11.65,9.54
10.55,18.98,10.85,10.45
8.85,18.51,11.54,10.46
10.2,21.39,10.12,9.62
19.3,18.12,9.96,8.47
12.45,19.78,10.85,7.19
39,20.9,11.49,8.88
4.85,15.83,10.96,9.86
3.05,10.85,10.58,9.23
7.55,20.06,11.24,10.53
17.65,18.64,11.19,10.64
5.85,21.89,10.72,8.52
14.05,19.61,10.87,11.63
32.2,18.8,10.73,8.4
13.5,18.92,11.2,10.09
17.65,20.22,10.44,9.97
9.15,16.98,10.14,8.5
37.9,16.61,12.11,12.41
7.15,16.77,10.82,8.23
25.1,19.96,12.02,9
32.55,19.3,10.97,8.34
12.75,20.43,11.85,9.59
9.2,16.59,11.76,9.18
13.3,16.45,11.36,8.88
12.6,19.01,12.08,11.87
2.35,20.08,11.39,13.39
8.95,21.28,11.13,8.21
29.6,22.63,12.15,8.02
20,20.34,10.92,9.81
49.1,21.38,10.97,10.51
13.2,19.7,10.7,7.55
4.75,21.69,10.69,9.93
14.4,20.73,11.09,10.92
15.9,21.23,10.34,9.38
30.6,19.11,10.61,9.21
18.8,19.95,10.98,9.9
9.55,20.35,11.73,7.91
11,16.51,11.08,8.49
14.4,20.34,11.99,8.59
16.55,19.92,10.46,9.39
27.5,14.73,11.72,13.34
1.5,17.51,10.89,9.24
1.8,13.56,8.62,12.73
3.9,19.33,11.51,18.23
40,13.89,8.85,10.72
1,15.21,9.65,12.05
11.9,13.94,9.54,13.33
1.5,24.86,12.4,18.53
16.1,13.97,10.4,8.97
9.5,14.57,10.5,8.1
9.5,16.64,11.01,16.28
1.5,13.5,10.74,14.04
1,15.87,9.88,11.02
1.5,18.03,11.19,8.66
68,19.47,11.18,13.94
15.75,8.95,11.21,15.37
3,16.77,10,14.61
4.35,18.04,8.79,10.85
22,11.81,9.36,9.67
7.5,16.92,9.56,14.42
6.6,18.06,13.08,14.91
12.1,14.49,10.11,14.2
1.5,18.91,9.35,16.76
2,16.86,11.72,11.15
19.15,15.13,11.18,11.81
24.4,17.12,10.51,8.79
2.5,9.63,10.91,16.51
12.5,11.3,9.85,7.71
4.75,18.92,10.24,12.02
1.5,17.12,8.76,8.91
7,14.61,9.72,9.73
5,17.38,12.36,17.43
21.25,13.41,10.96,13.18
1.5,16.67,11.86,10.56
2.8,21.92,12.03,17.49
4.25,15.95,11.18,16.15
2.35,17.19,10.44,15.22
5,15.74,12.42,11.78
6,15.21,11.07,17.21
22.05,15.76,10.58,17.92
2.7,10.05,8.53,10.16
5.55,17.85,10.35,10.6
5.5,14.66,11.06,13.02
3.4,15.15,12.19,16.73
1.5,13.73,10.54,17.48
6.3,18.07,11.44,11.38
72.85,13.57,12.36,13.48
34,13.39,10.01,11.07
2.4,16.1,11.11,12.73
31,16.19,11.52,13.73
2.5,14.51,12.74,27.22
2,19.67,11.35,14.22
1,17.81,9.9,17.79
2.5,21.02,12.05,19.25
2.5,8.01,10.94,10.54
3.5,18.18,11.92,18.18
8.95,18.15,11.15,17.92
11.5,17.56,8.95,13.45
6.8,15.71,9.4,11.54
6.7,18.91,9.57,12.39
10.5,14.42,9.51,5.32
3.55,12.98,10.66,9.47
6.5,15.47,11.47,12.49
7.25,17.85,11.45,15.34
19.75,13.82,11.41,15.34
9.5,13.77,11.59,10.99
17.75,18.67,10.61,18.53
19.35,17.54,12.41,16.65
8.25,13.8,11.13,14.87
11.8,9.29,11.18,6.51
5.5,15.77,8.84,13.24
1.35,16.66,9.41,12.6
1,20.2,11.69,15.38
14,16.91,11.51,9.99
2.9,15.55,13.13,18.6
5.65,8.29,11.84,11.1
7,14.1,8.57,15.34
7.5,13.37,10.34,12.43
12.75,13.76,10.64,13.96
5.8,15.52,11.46,14.25
6,15.38,11.51,12.23
6.9,12.6,11.6,13.41
11.25,16.96,10.66,12.01
3,16.32,12.47,17.24
10.25,15.45,9.89,15.11
2.35,15.46,10.2,12.95
5.5,11.9,11.09,13.63
35.95,13.2,8.93,14.97
5.4,13.08,9.76,12.67
14.25,19.07,10.06,12.87
5.05,17.47,12.09,12.74
20.3,14.68,11.84,10.51
2,18.04,7.91,15.1
14,16.14,12.2,17.48
5.65,16.65,10.92,14.16
1,18.13,10.84,10.86
1.5,22.09,12.81,15.13
2,11.12,11.15,15.45
1,13.58,11.18,43.12
18,16.02,11.67,13.76
14.5,12.49,10.02,9.37
1.5,17.29,8.91,11.6
3.75,21.13,10.66,12.74
7.5,17.12,9.58,12.56
6.7,15.94,9.23,11.32
1.8,17.67,10.55,19.94
2.65,14.98,11.47,16.05
19.1,16.73,10.19,13.44
1.5,18.38,10.25,14.88
1.75,5.88,10.16,12.75
5.9,15.45,12.72,13.6
19.85,15.17,12.83,16.31
3.35,20.04,12.92,19.07
5,15.99,11.32,12.55
1.5,16.92,11.72,18.36
6.6,13.91,12.64,13.42
6,18.45,11.29,13.4
4,19.3,10.78,16.33
1.5,14.19,12.84,12.14
7.6,15.61,11.32,15.35
14.25,16.25,12.29,11.61
6,19.2,13.52,15.9
21.85,16.43,11.71,13.81
7.9,16.78,11.56,13.78
5.65,15.32,12.52,15.99
2.65,17.81,11.47,15.74
19.85,14.94,13.07,12.37
7.1,14.93,11.9,18.41
7.85,18.19,11.38,19.71
9.6,14.33,6.1,7.63
1.45,21.51,10.88,19.45
11.6,17.13,12.66,18.4
6.9,17.88,11.18,15.98
16.5,12.04,10.76,11.2
6.2,16.08,11.2,11.23
5.5,16.79,11.89,25.64
31.75,16.65,13.38,27.2
7.85,15.16,12.24,19.11
8.25,15.16,10.78,15.11
2.5,8.5,12.44,15.97
9.1,16.48,11.1,18.13
18.6,15.52,10.82,17.04
2.3,16.05,10.56,17.43
7.25,17.06,11.33,12.11
3,13.42,12.6,13.45
22.5,17.55,11.49,13.46
1,25.01,11.95,16.06
4,17.48,11.63,16.12
1.75,12,11.9,28.14
3.75,15.2,11.57,12.02
9.65,19.79,12.56,22.15
1,14.55,11.2,12.82
5.6,16.99,11.12,12.75
10.5,15.81,10.76,11.04
4,18.66,12.37,13.56
16.85,16.51,11.01,11.34
11.75,17.46,12.23,9.63
14.75,15.09,12.06,14.49
2.1,19.12,14.02,16.38
2,24.63,13.1,14.42
4.15,22,12.67,17.94
1.7,16.82,10.48,15.71
5,15.87,13.01,18.17
1.5,21.33,14,18.08
3.5,13.72,11.59,15.11
4.5,14.52,10.52,13.77
2,19.93,11.6,18.75
11.85,19.44,12.74,18.16
26.65,16.25,11.69,18.25
6.9,15.32,12.48,14.98
3.5,10.43,10.33,18.21
3.75,16.21,11.55,17.63
2,16.92,11.48,15.21
16.25,15.62,11.56,20.75
1,12.62,12.54,13.7
11.65,14.57,12.18,16.6
3.2,13.91,12.41,17.58
4.15,17.36,11.66,10.2
1.4,17.9,11.55,19.16
14.5,15.4,8.53,14.75
2.85,17.32,10.78,13.89
4.75,13.79,10.94,8.55
1,14.04,11.56,9.6
3.25,13.77,12.06,15.4
12,14.65,12.76,15.13
57.75,13.79,12.11,14.36
10.15,17.99,11.41,15.23
1.5,16.61,12.3,16.82
3.3,14.42,11.84,13.58
1.4,15.49,10.9,17.93
19.55,15.89,12.69,20.81
3.5,13.9,11.88,12.81
4.3,14.99,10.83,13.9
7.6,16.65,13.01,13.25
9.5,16.04,11.99,14.76
1,16.13,11.66,14.02
4.1,18.55,12.31,16.25
1.05,23.9,11.96,15.88
10.05,16.4,10.55,14.96
6.85,8,10.99,13.31
6.9,14.59,11.94,12.14
1.55,17.41,12.49,12.24
2,24.42,12.98,11.42
1,5.48,16.66,19.53
4,17.39,10.12,7.64
6.5,17.08,11.2,13.96
5.75,13.09,8.86,11.07
6.5,16.12,11.4,11
1.75,19.45,10.91,7.12
8.4,18.79,13.79,19.08
10.85,13.38,11.7,13.56
1,21.24,13.09,14.72
1.35,17.72,11.85,16.86
7.75,12.84,10.99,12.73
6.5,14.84,10.86,13.94
1.25,20.63,13.16,22.95
1,9.61,8.98,12.36
3,18.23,12.99,19.91
10.05,16.01,11.79,15.69
2.2,12.88,11.57,12.39
2,14.49,11.98,13.52
1.5,14.36,10.93,16.04
5,25.06,12.91,18.81
7.5,15.3,13.54,15.59
1,19.98,11.92,10.45
9.35,13.12,12.27,11.69
1.5,22.39,10.22,16.37
2.75,14.83,11.63,13.24
7,16.05,10.79,12.77
2.75,21.22,11.35,15.08
3.05,19.29,11.71,16.37
1.5,17.39,12.31,15.17
3.2,12.9,10.97,11.29
6.25,21.61,13.14,20.49
13.7,13.86,12.54,13.17
19,15,12.31,14.32
6.45,12.35,11.76,16.43
6.05,14.43,10.42,7.28
13.6,15.12,11.65,18.14
5.95,18.15,11.38,18.23
31.9,19.26,10.85,21.61
7.85,10.38,11.96,14.97
3.5,19.99,11.57,14.75
9.5,16.65,12.86,11.75
15.45,14.78,10.9,19.32
21,12.27,11.27,15.29
4.05,16.14,12.89,9.47
2,20.31,12.21,17.8
1.5,15.82,13.88,19.87
25.55,15.06,12.5,12.17
7.6,17.17,13.03,15.84
25.95,14.14,11.47,14.09
5,19.76,14.81,15.04
10.5,14.41,13.32,11.56
12.6,12.51,11.63,19.73
6,23.25,11.26,17.05
11.45,13.14,12.64,14.41
9.5,19.19,11.02,14.42
2.95,17.95,10,18.42
4.25,18.93,13.32,18.34
11.75,12.65,11.8,15.5
2.5,14.29,12.59,15.62
2.25,18.1,18.16,16.94
8.75,17.26,10.41,22.8
74.7,13.66,11.3,9.51
1.3,17.58,11.42,20.5
1.25,17.17,10.07,16.38
6.05,14.47,10.23,12.79
5.4,17.62,11.2,17.25
5,15.36,11.52,13.86
2,14.73,9.42,22.12
3,15.7,11.21,13.2
2.5,13.07,12.02,12.71
3,14,11.77,16.81
1.15,14.92,10.48,16.26
5.15,17.58,10.24,11.3
1,20.33,11.63,16.57
1,19.73,7.89,20.62
2,13.93,10.73,17.17
2.25,16.79,10.55,16.5
1.05,14.49,11.07,18.91
2,13.53,11.7,17.86
4,18.43,10.45,13.86
8.55,19.18,10.18,27.47
4.9,16.68,10.97,15.55
5.9,13.91,10.63,20.27
2.25,16.42,10.99,21.16
14.9,15.22,10.5,16.2
1.5,20.07,12.89,22.85
48.2,18.1,10.97,19.91
3.3,22.17,14.96,22.11
26.05,11.85,12.16,37.44
16.75,12.11,10.79,12.45
53.75,14.23,11.18,18.9
11.75,19.9,11.96,19.25
25,13.42,12.12,16.51
13.65,9.54,11.19,20.8
8.5,13.71,11.88,9.43
5.4,15.51,12.72,15.02
13.95,13.61,12.86,12.86
7.25,18.37,11.42,14.11
12.55,14.88,11.94,16.02
1,20.35,14.85,13.86
8.5,16.15,12.98,18.93
11,14.51,12.19,12.13
8.25,18.34,13.06,13.07
17.95,12.23,11.36,7.88
20.85,12.35,10.54,10.83
5.15,11.76,10.57,9.74
8.5,14.07,11.23,7.94
12,11.26,12.12,8.81
26.65,13.66,10.25,9.11
17,12.51,12.3,9.51
4.15,10.72,11.93,7.77
26.75,13.51,10.85,8.71
5.25,12.72,12.98,8.92
4.1,14.55,11.24,7.17
13.05,13.68,12.47,10.46
7,12.34,11.6,8.32
10,10.99,10.22,4.74
11.5,12.7,10.84,10.25
13.5,12.94,11.01,7.59
2.5,13.62,11.66,9.64
19.5,12.96,11,7.99
3,13.54,10.13,7.08
7.7,12.09,11.36,8.7
5.65,11.2,11.23,9.41
8.25,13.44,11.12,9.83
9,12.25,10.93,8.67
17.4,13.56,11.38,8.98
8.9,12.77,11.42,7.35
10.85,14.69,10.63,9.07
4.25,14.8,11.52,12.05
9.75,15.36,11.28,11.17
6.45,14.51,12.23,12.14
13.2,12.56,10.23,6.97
1.7,16.81,10.53,10
13.3,13.34,9.54,17.04
15.15,17.25,11.92,9.18
5.55,20.22,11.47,10.85
6.85,13.25,11.19,13.31
15.95,13.67,9.57,6.59
17.5,13.53,11.01,9.42
12.25,11.61,10.56,10.52
15.05,10.81,10.48,10.67
13.65,10.97,11.53,9.47
17.75,10.33,10.61,9.88
26.75,10.58,11.66,9.75
24.55,12.27,10.81,8.43
25.75,12.24,10.63,10.42
16.45,11.43,11.21,9.59
11.35,11.86,10.98,7.86
24.2,11.9,11.46,9.82
9.75,10.86,10.02,6.01
33.8,12.57,11.32,9.23
32.15,12.24,11.05,8.71
6.8,15.01,10.59,13.12
17,13.56,9.89,18.31
3.5,16.96,11.35,12.26
1,13.81,11.85,14.62
3.7,9.26,10.65,12.68
2.25,14.98,9.64,10.02
21.5,16.57,8.89,11.31
2.75,14.87,12,16.58
2.8,15.16,11.36,11.79
2.5,17.23,11.66,16.52
11.65,14.31,11.6,18.1
4.95,14.69,9.52,10.93
5.4,14.12,11.41,12.77
10.45,17.48,9.06,15.34
4.25,13.16,10.93,14.26
5.5,15.32,12.67,18.91
1.65,12.02,10.36,12.91
4,14.06,9.6,13.59
1.5,12.1,9.27,22.22
6.5,17.93,12.96,16.96
1.65,14.27,10.96,13.29
2.9,16.62,12.5,12.97
1.75,17.07,11.38,17.52
13.5,17.44,10.81,21.38
1.15,18.77,11.76,10.46
2.05,17.21,12.16,13.33
3.5,12.11,11.96,9.66
1.5,17.41,10.17,9.62
4.25,10.97,10.22,13.86
5.5,16.23,12.57,17.53
7.35,12.89,11.66,9.85
1.45,15.48,11.79,16.24
3.25,12.24,11.68,12.37
19.25,15.95,11.02,9.04
2.5,13.14,11.95,7.63
10.75,8.02,12.66,16.78
1.35,18.61,12.27,12.25
1.35,16.44,10.52,11.9
1.1,15.37,10.24,9.3
9.25,10.45,11.29,13.47
2.5,16.95,12.64,7.44
16.75,12.75,12.17,10.03
5.8,18.19,10.78,8.96
5,14.13,11.59,6.32
2.5,11.32,12.17,9.17
2.05,11.8,10.99,10.32
3.95,16.12,12.04,14.92
4.05,14.82,10.47,11.6
13.8,11.69,10.11,13.55
4.1,19.22,11.92,12.19
4.5,14.96,10.94,13.22
5.5,17.12,11.2,12.38
1.5,17.8,14.04,14.45
1,20.01,10.63,9.38
2.3,15.94,10.2,14.8
6.15,17.48,10.95,10.75
2.85,17.7,10.66,17.06
1,15.65,10.71,16.35
1.5,15.44,8.55,15.44
1.5,12.16,11.09,18.35
1,14.55,11.53,12.34
4.25,14.62,10.85,19.98
2.75,14.25,10.6,25.23
1.75,16.94,10.09,10.87
1,15.44,9.18,16.03
5.5,18.5,12.5,10.62
2,14.87,12.3,10.66
5.6,15.31,11.41,10.53
2.25,17.33,11.71,16.23
7.25,16.64,11.25,13.41
5,13.64,9.95,19.88
1,20.09,8.7,14.83
5,19.36,11.38,21.82
6.75,16.92,11.22,19.6
1.4,16.81,10.31,16.15
1.5,14.23,12.11,18.4
6.2,15.51,10.68,18.13
3.5,19.83,10.63,16.91
10.5,16.82,11.19,13.74
1.25,15.99,10.15,15.14
2.95,16.5,10.08,14.25
6.35,13.36,10.87,10.78
1.45,19.91,10.02,14.35
2.5,17.36,12.05,10.39
1.65,20.43,12.65,12.33
10.85,17.75,11.12,15.28
5.95,15.9,10.79,12.69
5.9,16.16,9.18,9.66
2.5,12.4,11.99,9.7
1.45,13.49,10.74,13.23
5.3,11.76,9.48,11.3
2.5,14.36,9.17,13.42
2.75,16.09,9.83,11.78
4.05,14.33,11.45,14.77
6,9.79,12.4,14.89
2.5,15.52,10.1,10.91
1,23.89,9.31,15.73
3.5,17.14,10.76,14.41
5.45,17.49,10.37,9.4
6.05,15.93,11.8,14.34
2.75,18.96,10.33,14.65
3.05,23.52,8.27,12.69
3.85,15.01,9.78,17.03
1,16.08,9.26,20.65
8.45,15.03,11.29,15.1
7.25,13.45,9.95,9.61
1.25,18.18,10.8,11.81
3.9,14.37,10.51,16.91
4.55,21.51,9.31,13.96
4.75,12.22,10.58,11.12
7.5,9.69,10.51,16.68
1.3,20.57,12.34,21.51
8.5,15.33,11.88,7.29
13.1,14,10.57,14.78
1.5,20.02,10.97,9.17
27.9,13.82,13.6,11.65
2.9,13.49,8.65,11.75
1,9.76,9.93,17.96
9.25,14.75,11.01,12
6.5,14.74,10.31,10.85
5,16.28,11.32,15.82
2,17.91,11.43,11.85
4.9,15.1,11.35,11.07
2,17.57,9.86,20.03
1,16,9.56,21.97
7.1,13.84,11.39,19.25
3.6,14.85,10.98,13.12
1,14.17,11.97,13.27
5.4,13.72,11.73,17.53
5.25,17.06,10.28,15.68
1.7,12.7,11.16,20.29
2.7,14.12,10.4,13.04
10.75,15.84,9.86,17.81
3.5,17.76,11.28,13.92
6.75,14.69,11.44,13.13
4.85,11.37,11.05,11.11
8.5,14.85,10.02,13.41
3.5,16.59,10.66,15.32
9.25,14.52,11.32,10.11
6.25,15.38,9.92,16.14
13.5,16.54,11.38,10.33
8.25,14.47,9.79,15.7
1,16.59,11.08,13.06
2,15.14,11.07,20.26
2.2,16.62,11.46,12.82
1,12.05,10.92,14.59
77.5,14.48,11.18,16.17
8.65,16.94,10.81,14.86
166.35,15.16,11.18,10.57
1.3,15.74,10.34,13.38
13.1,14.54,9.49,9.05
1,10.25,10.52,18.8
34.1,14.3,10.95,18.34
6.85,15.97,10.55,14.52
2.5,16.82,11.96,15.6
2.5,16.67,10.33,13.54
5.4,16.8,10.45,18.32
5,16.75,10.53,17.76
9,15.52,9.48,10.47
1,15.91,11,19.96
5.25,14.15,12.22,15.85
4.5,10.59,10.31,15.49
5,13.47,11.02,16.7
14.1,13.85,10.95,15.46
1,12.22,10.59,15.47
1.5,14.13,10.33,20.11
6,13.11,9.63,21.64
2.4,15.91,12.3,14.48
3,11.08,10.17,17.36
19.9,14.49,12.3,10.52
1,22.49,12.78,10.85
15,15.91,12.63,11.58
20.65,15.54,12.57,12.72
61.7,14.78,12.6,11.39
3.25,16.61,11.84,12.93
14.5,12.18,10.62,13.52
1.5,12.96,11.72,11.76
3.5,12.97,10.55,12.03
26.65,14.57,12.22,11.8
30.75,14.84,11.88,13.39
43,15.11,12.87,9.02
26.75,15.52,11.56,10.36
21.5,15.43,11.44,10.07
2.9,16.59,11.9,10.7
1.5,16.32,11.27,9.23
3.25,13.51,12.11,12.68
2.5,13.8,13.7,12.97
12.85,16.05,12.84,10.65
69.05,15.08,14.08,11.69
1.45,15.19,11.38,10.3
8.95,15.25,13.66,10.46
22.8,13.69,11.64,11.79
11.4,14.92,11.07,13.45
11.95,14.2,11.42,10.62
51.8,13.77,11.72,10.36
1.2,16.72,11.22,11.26
43.6,15.19,12.06,11.47
3.8,15.44,11.83,11.69
3,15.82,10.95,9.66
1.5,17.43,11.25,12.04
5.75,17.06,13.44,14.45
6.1,14.63,10.99,10.98
5.5,17.33,11.58,11.69
2,14.45,11.1,10.4
11.25,15.67,12.78,11.6
24.75,12.93,12,8.91
2.8,14.21,11.49,10.59
15.7,20.95,11.71,11.25
1.6,23.1,12.04,13.35
2.95,19.28,11.74,9.56
4.2,17.36,12.3,10.52
2.5,16.95,11.8,9.93
24.5,14.82,12.2,12.62
6.9,16.14,11.69,11.44
4.15,15.84,11.35,9.06
10.35,15.58,10.91,11.1
2.5,23.83,12.23,7.89
4.55,13.94,12.02,11.54
3.35,16.97,12.26,13.93
10.1,19.99,11.72,14.22
12,23.87,13.26,12.56
14,16.74,11.77,9.29
8.95,20.92,11.75,10.48
2.65,17.46,11.39,9.17
5.3,21.71,12.06,9.97
1.85,15.55,11.28,11.55
2.25,19.65,10.78,9.49
21.5,16.05,10.53,10.06
6.8,19.09,10.21,16.17
4.55,17.13,10.62,8.4
3.75,16.43,11.84,12.27
5.5,19.18,13.41,16.36
11.6,15.81,11.47,18.93
10.65,16.38,10.52,15.79
1,13.86,11.08,18.96
3.65,15.34,11.71,18.68
1.05,20.11,11.07,11.82
9.05,15.88,10.97,11.24
11.95,17.11,11.6,13.06
24.75,14.89,11.18,11.25
1,17.68,11.65,8.96
12.9,18.44,12.24,12.4
8.95,18.9,12.09,9.73
9.25,15.64,10.95,7.47
2.75,15.82,10.44,14.05
4,15.36,11.81,11.08
5.65,16.76,12.19,13.54
3.3,18.13,11.62,10
3.3,16.03,10.66,13.37
5.9,12.77,12.07,10.39
3.25,17.25,10.95,11.53
3.1,18.13,12.5,19.09
7.35,19.28,12.46,16.13
3.9,16.5,11.96,12.81
11.4,16.54,12.09,9.42
7.3,16.28,11.06,12.84
3.6,17.65,12.92,19.08
1.1,19.03,11.53,16.6
3.5,13.61,10.69,11.04
2.55,16.03,11.21,11.47
1,19.67,11.65,24.44
3.3,16.97,12.03,21.98
1,20.68,14.34,12.04
5,19.72,12.15,22.79
3.3,19.86,12.01,16.22
1.5,20.66,11.1,17.82
2.25,20.59,9.84,9.34
2.1,17.29,10.8,9.43
3.35,17.88,10.28,15.54
8.95,21.23,10.49,16.62
3,21.83,11.98,19.98
5.55,16.52,10.38,17.11
4.5,18.89,11.76,12.38
1.3,18.87,11.26,17.77
1,19.47,10.72,16.15
1.75,18.17,8.06,17.54
2.25,21.3,10.01,7.47
6,16.47,12.57,19.48
4.8,17.55,13.36,19.7
3.1,18.56,11.71,21.18
6.65,22.41,11.73,19.48
5.7,19.78,12.05,15.89
2.85,21.4,10.77,27.39
4.05,20.59,11.96,11.59
1,19.99,10.88,16.68
2.65,15.95,11.38,18.09
1,13.96,9.84,15
4.4,17.38,12.77,18.56
2.5,16.76,11.3,15.9
2.5,14.18,11.33,21.39
1.85,18.37,10.63,22.65
3.65,14.94,11.1,16.29
1.6,18.25,11.2,12.5
1.25,17.94,10.82,14.17
2.5,17.3,11.5,24.98
1.8,22.98,12.26,21.44
2.5,19.34,11.09,22.81
1.45,19.88,11.05,12.82
1.4,20.28,11.37,12.9
1,17.48,11.1,11.76
5.55,19.82,11.84,12.13
1.25,19.93,12.39,14.06
1.5,19.46,12.83,16.55
19.5,18.51,11.36,18.87
1.75,20.18,11.46,13.75
1.25,20.1,11.32,11.4
11.05,19.68,11.54,15.89
3.45,18.95,11.06,14.63
1.3,23.56,11.32,12.21
8.6,20.01,12.74,13.86
1.55,17.78,12.39,12.32
4.55,19.01,11.73,16.11
4,19.54,11.03,11.11
3,17.82,10.87,11.69
2.2,15.97,10.62,12.1
8,15.71,10.76,10.93
2,15.95,10.34,10.59
2.25,16.78,11.21,12.93
6.25,15.79,9.68,10.1
6.6,13.94,10.41,11.39
14.2,15.49,10.8,16.35
56.6,10.36,9.81,10.14
1,14.99,10.78,10.06
23.8,10.76,10.74,10.29
1,17.87,10.73,12.46
3.25,14.74,12.39,14.05
28.3,16.06,10.01,9.88
5,15.07,10.45,13.65
29.75,14.89,10,10.98
10,16.26,9.98,12.47
3,15.9,10.89,10.71
6.25,15.62,10.58,9.74
18.85,16.04,11.16,19.19
3,16.68,10.99,12.2
7.7,17.67,10.63,11.05
12.5,14.82,11.29,14.59
4.75,16.67,10.94,11.56
7.25,15.63,10.8,11.3
2.25,19.26,10.79,9.99
3.05,17.04,12.69,17.02
2.5,15.46,11.28,15.29
13.75,8.65,11.51,11.2
27.2,10.31,11.04,11.7
7.75,11.78,10.18,13.04
22.3,14.6,12.02,15.48
11.25,13.86,11.38,12.44
11,15.77,10.48,17.64
4.25,15.22,11.6,12.62
5.85,13.99,10.43,11.82
5.75,15.94,10.5,10.11
9.65,15.05,10.72,18.83
9.85,16.5,10.52,13.34
8.6,14.89,10.67,14.08
4.1,15.87,11.3,10.27
6.45,14.38,10.5,11.59
32.7,16.35,11.18,11.37
4.75,13.26,10.38,12.25
8.45,15.15,11.2,14.04
11.5,16.34,11.07,9.79
5.25,15.2,9.97,16.06
2,8.95,10.97,8.83
6.25,14.53,11.11,12.65
3.15,14.22,10.8,16.73
4.4,15.73,10.49,12.54
13.5,16.05,10.15,11.74
3,15.61,11.11,12.94
10.5,14.94,11.41,11.55
8.7,12.12,10.51,15.89
6.25,14.81,11.52,13.99
45,13.24,11.1,12.1
46.5,15.5,11.17,13.86
2.05,11.19,11.12,16.68
16.55,14.05,11.5,13.78
5.8,13.13,9.9,14.39
28.75,14.02,10.98,11.42
3.6,11,10.64,14.55
14.75,13.5,10.47,11.05
9.75,10.53,10.8,12.35
2.75,14.85,11.85,14.13
15.15,13.89,11.91,12.73
19.25,12.99,9.87,11.99
3.5,16.31,10.42,9.3
8.35,10.46,10.29,8.87
2.85,14.53,10.99,11.16
17,16.39,10.76,10.01
13,15.65,11.25,12.17
16.75,14.38,9.49,10.33
13.4,12.26,11,15.27
5.55,15.45,11.74,9.52
3.4,13.47,10.99,13.5
7.8,15.93,11.08,11.33
11.1,16.64,11.34,14.44
34.25,15.99,11.18,12.35
1.65,13.13,11.52,12.3
5.4,15.24,9.91,10.13
44.1,10.91,10.25,13.85
8.25,13.79,10.81,13.88
1.4,16.85,10.82,11.04
19.85,14.12,11.99,13.59
3,12.71,10.91,10.49
66.4,15.1,13.96,12.55
4.85,9.51,10.92,11.67
8.75,15.84,10.77,10.58
3.5,16.22,10.67,11.51
10.25,18.29,11.7,14.71
3,14.14,10.67,13.39
22.5,13.23,11.88,13.64
4,17.01,9.76,12.81
18.25,17.02,10.6,14.13
1.85,21.09,10.94,10.22
2.25,19.54,10.56,11.56
9.5,17.28,11.05,15.06
8.1,16.05,10.97,11.71
2.25,17.41,9.47,11.47
18.1,14.78,10.56,12.7
3.75,13.75,10.9,11.76
4.65,16.04,10.52,12.3
3.5,15.94,11.96,11.89
4,16.37,10.79,13.14
15.45,16.33,10.21,11.49
1,18.26,10.63,9.69
7.3,16.01,10.82,16.98
11.15,15.7,9.85,11.44
4.8,16.91,10.24,18.81
29.85,16.37,11.27,16.02
12.8,14.18,10.72,15.36
9.6,9.1,9.78,11.18
19.55,17.14,11.27,12.9
3.4,13.77,9.95,15.41
40.95,14.76,11.18,16.53
1,17.85,9.66,19.46
7.9,13.96,10.83,9.85
1.3,15.99,11.18,17.17
3.5,17.47,10.98,16.38
13.75,18.02,10.95,11.47
3.25,12.23,10.82,15.58
6.25,15.96,9.82,10.51
9.5,16.29,10.78,17.93
4.15,15.94,12.28,21.35
6.05,16.9,10.11,11.12
5.75,15.49,9.59,13.31
7.6,14.23,10.45,16.49
5.95,10.96,11.56,15.43
18.6,10,11.63,11.93
12.9,18.39,9.85,12.38
8.25,16.26,9.9,9.71
1.2,14.04,9.63,11.12
4.3,13.7,10.51,13.04
5.45,17.41,11.23,17.39
1.25,19.41,10,14.41
3.5,15.94,9.47,12.29
20,14.67,10.8,14.51
2,16.22,10.98,12
2,19.64,10.32,11.81
3.95,17.22,9.7,15.5
5.6,16.47,11.33,17.62
11.3,8.44,10.81,14.14
15.5,9.69,11.74,18.27
1.1,16.8,11.32,15.9
9.5,12.94,11.14,13.38
12.25,12.98,11.16,12.07
27.15,16.67,11.87,16.99
5.65,16.86,11.33,15.32
4.2,16.54,10.59,16.86
7.3,12.01,10.98,11.24
31.15,14.84,10.61,13.93
1.6,15.35,10.87,10.98
7.8,15.7,13.11,16.11
4.6,16.45,11.06,15.7
2,17.81,14.26,13.28
11.4,15.88,9.5,13.68
30.5,15.79,11.71,17.18
3,10.03,11.83,13.16
33.65,12.13,11.68,14.12
9.95,11.74,11.04,14.1
16,10.69,11.86,14.12
8.1,11.98,10.54,14.14
13.75,12.65,11.44,13.07
15.85,11.72,10.96,12.87
41.55,14.36,10.97,15.04
44.8,10.72,12.13,13.25
3.65,14.82,12.03,13.26
1,10.1,10.13,9.92
8.7,15.05,12.1,9.92
4.55,21.36,11.73,12.28
11.25,18.5,11.39,12.03
6,15.68,10.59,15.9
6.35,18.84,9.23,9.31
10.25,13.84,12.89,9.25
15.5,14.36,10.45,13.3
7,15.4,11.14,8.97
6.5,18.48,11.66,7.69
1,16.11,12.8,10.38
8.75,15.32,11.51,10.03
4.5,15.88,10.67,11.33
4,14.96,10.07,13.26
3.5,15.61,11.84,9.04
22.4,15.47,10.62,15.42
6.6,14.5,10.86,13.69
1.7,15.18,10.31,14.94
9.65,15.35,10.39,13.69
4.45,16.01,10.22,9.95
41.95,15.62,13.25,20.92
34.4,14.42,11.18,14.24
5.35,15.89,10.58,12.4
10.05,13.57,11.06,13.86
13,14.86,10.91,15.86
1.4,15.47,10.73,14.41
2.5,13.63,11.33,9.58
6.15,14.26,10.96,10.58
3.1,14.86,10.73,13.05
3.5,14.14,10.52,18.3
9.1,16.03,10.62,12.23
3.5,14.32,11.2,14.28
15.1,14.5,11.32,16.96
5.2,15.04,11.24,11.97
2,14.23,10.64,13.46
5.75,12.98,10.91,12.47
11.3,16.5,11.3,12.97
1.5,16.79,11.83,15.76
3.75,18.08,12.13,15.37
3,15.49,12.08,15.47
8.8,14.1,11.3,11.78
1.75,19.61,12.54,15.79
21,15.35,11.78,13.92
1.5,24.11,11.52,15.01
1.9,19.55,11.59,17.25
2,17.59,11.49,13.63
2.5,13.59,12.33,12.42
14.5,16.78,9.94,15.2
5,18.09,12.73,16.28
2,17.38,10.53,11.55
2.35,17.85,12.36,17.38
1.5,16.78,12.07,26.36
2.3,18.64,10.05,13.53
1.1,16.1,11.91,15.76
3,13.26,12.38,15.63
3.6,16,10.19,14.16
1.5,17.92,10.93,12.32
2.3,21.23,11.57,14.46
2.05,19.95,11.97,20.75
7,10.11,10.64,11.07
7,12.46,10.36,15.48
11.5,14.41,10.65,12.84
5,13.1,11.65,10.33
3.25,14.44,9.96,7.67
1,18.99,10.7,10.15
18,13.73,10.32,9.96
1.4,12.78,9.41,11.27
11.6,13.08,10.91,10.27
3.5,6.16,10.85,12.15
5.5,15.66,10.6,14.91
2.5,16.02,12.18,12.3
10,14.89,9.99,18.71
1,11.6,9.12,15.23
1.25,14.36,9.64,10.62
5,6.51,9.97,12.32
2.5,9.55,10.6,12.31
4,11.2,10.02,8.51
10,14,9.72,9.82
10,17.34,9.99,9.86
3.5,11.01,10.66,8.41
4.2,13.66,10.6,14.29
3.3,10.88,9.79,11.81
6.5,11.16,11.62,12.46
4.5,14.13,10.58,11.9
2,12.17,10.15,13.15
2.5,13.04,11.53,14.4
3,13.23,10.95,11.45
5.8,12,9.59,11.65
5.8,15.02,10.45,10.36
13,12.94,10.23,11.89
3,13.07,9.02,12.08
7.5,14.99,9.23,11.72
16.5,14.54,10.12,12.35
30,12.07,10.79,11.68
8.6,16.12,10.86,12.98
23.5,15.25,10.42,10.49
12.15,15.29,9.57,10.57
9.3,12.53,10.05,7.22
24.75,10.33,10.95,11.62
3.5,14.45,9.85,8.03
9.8,10.91,9.56,11.04
2.6,15.98,10.16,10.52
21.9,10.73,8.96,10.33
16,15.19,9.02,10.87
2.75,15.63,10.87,12.82
13.4,12,11.05,13.14
12.55,14.26,8.86,9.45
12.95,12.85,9.97,9.13
3.15,16.32,10.32,8.51
4,16.75,10.78,9.81
2.1,15.53,10.05,11.3
11.5,9.4,6.56,9.48
14.5,13.51,9.84,13.03
12.15,12.79,11.04,10.61
7.55,16.56,10.9,10.82
43.35,14.94,10.72,9.43
10.55,14.13,14.26,15.69
3.25,16.44,14.6,16.49
7.75,17.27,15.68,18.47
9.45,16.19,12.37,15.83
29.05,18.16,13.34,17.06
10.25,16.66,13.96,17.58
29.8,17.94,13.27,16.11
16.25,17.34,15.17,20.16
16.3,16.38,14.95,16.06
22.35,34.64,15.55,12.98
12.2,16.87,12.62,17.86
2.38,21.24,13.62,15.84
9.43,20.12,15.26,14.41
3.7,17.36,11.87,17.67
2,24.76,14.17,19.09
6.1,15.21,15.55,12.2
12.55,15.74,15,18.35
24.1,16.85,13.29,18.78
16.3,18.32,10.16,14.53
6.8,28.99,11.8,14.47
8.25,17.75,14.63,13.86
6,16.19,12.82,20.29
8.25,19.44,13.12,13.45
1.9,16.25,14.18,12.82
17.63,21.14,16.54,17.45
1.45,15.55,12.45,26.54
3.6,19.9,13.01,13.34
9.05,14.66,12.22,18.61
5,15.13,13.7,14.85
1.35,22.72,16.91,20.79
3.4,15.74,10.76,13.93
3.5,16.93,13.39,20.97
7.05,18.85,12.06,16.09
9.7,14.61,14.96,21.38
3.85,17.46,13.6,15.02
5.7,17.81,19.13,17.16
2.45,18.75,11.81,13.32
6.25,13.63,13.47,16.19
2.35,20.61,13.43,15.01
7.15,16.66,13.07,36.48
1.9,18.99,10.2,13.94
9.1,16.02,13.29,13.71
18.6,21.09,16.92,20.8
4,15.74,15.16,14.41
47.35,8.79,15.47,13.77
8.2,17.69,13.81,19.41
8,13.22,13.91,15.15
26.55,16.6,10.66,25.07
178,17.25,12.36,18.31
4.9,16.38,12.55,10.62
5,10.69,14.22,17.09
3.75,18.47,12.89,14.59
12.5,16.56,12.46,14.78
1.3,14.8,15.06,17.71
8.25,21,14.54,16.13
17,16.37,14.87,17.64
11,16.32,16.14,16.05
5.35,15.54,14.61,17.91
16.6,16.34,15.27,17.51
11.4,14.77,11.84,15.21
12.85,17.11,14.58,17.13
4.95,12.01,9.76,13.54
11.2,15.81,13.29,15.23
14.3,16.53,11.06,16.84
9,13,11.31,13.31
4.85,17.31,14.71,16.29
4,11.43,14.15,12.89
5.7,17.99,13.46,13.88
5.9,17.16,13.23,16.77
9.8,17.46,13.41,17.85
17.6,19.36,14.41,20.42
6.95,17.55,14.99,15.91
5.7,18.32,15.88,20.45
7.7,18.75,15.39,14.58
15.35,15.72,12.17,11.94
1.5,18.46,14.85,20.28
14.1,18.23,15.7,16.29
7.55,17.31,16.19,18.62
5.9,15.95,11.86,14.64
13.2,17.17,10.21,14.65
8.9,17.35,14.83,17.43
8.3,14.63,11.29,14.87
5.6,14.45,13.71,18.11
7,24.44,13.69,18.79
2.35,17.55,15.42,16.74
16.1,17.43,15.92,16.44
40.05,13.9,14.74,17.27
14.55,16.44,15.19,15.69
6.7,17.27,13.17,13.64
16.5,15.49,13.2,12.9
16.1,17.24,14.02,14.46
1.75,16.38,14.29,17.14
3.55,17.46,14.11,15.2
23.85,13.37,13.12,13.43
7,20.45,14.05,15.75
12.8,17.18,11.9,15.62
2.85,21.7,15.84,23.91
9.75,19.78,14.06,16.97
4.05,17.99,12,16.3
5.75,17.64,13.35,13.06
26.2,19,15.13,17.48
26.3,18.8,15.82,16.09
7.4,17.32,14.77,19.29
25.75,18.17,15.51,19.98
4.15,15.51,14.89,12.86
1,17.01,13.83,19.73
18.45,16.23,15.16,18.81
16.15,19.09,11.41,18.3
29.95,17.87,14.5,22.38
6.6,16.8,11.1,14.96
28.05,15.96,12.24,16.66
3.95,19.86,14.35,17.33
7.95,14.98,15.16,19.1
24.8,14.58,11.75,14.6
7.45,15.71,13.33,18.16
2.65,19.26,10.97,14.4
14.05,18.11,12.86,20.93
13.6,17.11,12.64,17.64
25.2,15.34,12.67,20.7
4.6,14.14,15.28,15.71
24.05,16.78,12.86,12.15
11.65,18.85,15.78,18.25
15.4,23,15.3,17.51
19.3,14.4,13.49,15.11
8.8,15.79,14.8,16.2
10.9,17.23,14.34,13.41
3.6,15.85,14.5,17.07
18.25,17.44,15.04,17.64
11.8,18.65,13.69,16.2
17.1,18.52,13.2,14.54
2.85,15.2,13.06,20.74
13.95,17.92,14.38,20.31
22.6,15.41,14.19,16.31
3.25,17.45,14.83,17.21
12.85,15.51,14.83,15.31
16.45,13.09,14.29,15.29
11.3,17.87,13.06,17.85
11.9,14.13,15.08,13.82
5.2,15.85,12.23,12.19
9.7,16.59,12.4,14.01
22.25,16.12,14.95,15.56
6,16.14,12.37,11.84
6.45,17.49,13.62,15.73
14.7,18.12,11.28,15.17
7.7,43.68,11.65,13.01
1,12.94,12.48,16.94
6.75,11.09,12.02,13.36
5.45,16.2,12.34,11.59
27.35,14.14,12.1,14.22
1.6,14.08,13.41,12.93
11.6,18.02,13.32,15.19
6.6,16.37,15.07,17.13
3.05,16.6,8.5,13.88
3.05,20.24,12.51,13.91
11.35,15.55,13.11,17.47
5.05,15.6,14.95,16.33
1.85,15.7,13.97,13.91
6.25,16.74,12.67,17.85
6.85,17.73,15.91,17.39
54.75,15.48,13.98,13.82
7.15,15.11,12.74,15.26
2.35,15.64,11.05,15.14
46.45,20.03,13.76,22.66
19.45,16.32,14.01,14.29
4.15,13.81,11.43,11.51
1.75,14.15,11.87,14.95
6.55,15.4,12.09,16.34
6.85,14.72,12.99,15.78
2.5,16.89,13,15.57
1.9,17.2,13.97,17.64
9.1,16.33,12.35,15.27
2.75,16.21,13.88,15.7
30.3,15.75,12.01,16.54
4.95,16.55,12.88,15.31
11.7,16.04,13.39,15.23
24.95,15.02,14.39,16.92
9.85,10.59,11.09,11.95
20.8,15.46,12.06,12.48
8.55,15.81,15.52,17.72
5.2,16.53,12.1,14.45
4.8,14.24,14.48,18.92
33.35,14.98,15.71,18.24
6.75,16.58,13.85,17.92
1.25,14.34,13.9,17.95
4.4,14.17,13.4,14.24
3.95,16.54,13.73,17.99
9.2,16.47,13.56,19.58
8.95,16.04,13.65,17.6
29.3,13.21,12.68,15.21
7,18.45,13.02,14.31
4.7,20.81,16.02,16.94
58,21.9,13.87,15.37
4.2,15.48,11.5,11.27
11.5,21.89,13.97,15.06
3.25,13.07,14,14.59
2.85,20.66,14.35,16.48
4.1,19.66,13.37,12.84
9,17.55,13.42,17.45
1.2,18.23,13.74,14.03
3.25,16.78,15.47,18.27
7.8,17.63,13.09,13.96
17.35,24.32,13.76,16.16
2.9,17.89,12.02,20.45
19.9,15.95,12.52,14.39
6.6,19.14,16.93,15.29
16,16.78,13.96,14.43
1,27.05,15.53,14.62
6.8,24.63,15.96,13.62
1.75,22.71,11.3,19.77
3.05,19.67,13.98,16.64
11.75,17.68,14.24,18.31
2.35,26.05,18.04,21.57
4.15,24.78,16.24,19.44
7,23.5,16.66,17.82
4.25,27.54,15.17,31.85
17.55,21.64,16.92,18.6
6,20.1,13.81,18.08
6.1,18.83,11.49,15.46
1.8,18.82,14.09,19.11
2.6,22.22,15.98,23.16
8.65,18.76,13.99,14.38
4.15,20.61,14.76,18.82
16.65,20.04,15.76,19.45
12.9,21.81,16.7,16.92
5.35,20.49,13.64,20.18
2.35,14.98,12.79,14.74
1.25,18.8,16.34,17.29
1.75,23,15.86,18.74
7,19.24,13.51,15.92
19.25,19.09,17.32,15.34
2.8,20.97,14.95,16.71
13,21.13,17.02,14.75
3,23.76,14.67,17.59
11.15,20.29,15.55,11.3
3.9,20.5,15.72,14.91
1.7,19.8,13.99,11.28
2.9,23.73,12.56,12.78
1.15,16.07,14.88,12.77
16.7,18.12,14.18,15.49
3.35,25.31,19.17,15.92
10.75,19.82,13.75,18
2,16.69,11.55,12.25
4.25,18.7,12.84,15.31
9.4,18.72,16.77,14.87
12,22.33,17.59,12.62
3.5,18.32,17.02,18.27
2,21.64,15.79,16.54
20.55,20.06,14.64,14.33
10.3,19.16,13.41,15.09
9.1,16.79,14,12.53
4.8,18.85,14.46,10.25
3.4,19.47,13.76,13.56
3.15,20.39,13,15.17
7.45,20.19,16.41,18.33
2.25,20.22,13.21,12.11
2.75,16.21,15.89,15.22
4.7,12.29,13.59,13.95
7.4,19.41,16.62,12.48
11.75,20.32,16.06,12.85
21.45,18.42,15.78,14.13
23.15,12.73,11.02,14.94
2.2,19.74,14.6,14.71
10.05,18.97,13.24,10.9
16.7,18.16,13.2,12.48
13.75,18.74,12.99,16.51
4.7,18.45,13.81,10.99
10.45,19.13,12.05,14.22
1.95,13.88,13.76,14.75
4.55,21.57,17.08,17.89
7.4,20,16.5,16.94
3.45,19.64,14.09,15.07
5.4,25,16.89,15.33
6.95,19.22,11.49,14.95
3.75,17.12,12.2,17.02
16.45,23.67,14.68,18.74
10.25,26.14,17.73,22.81
21.05,20.4,15.75,18.65
1,29.5,13.9,23.07
10.55,41.01,15.75,20.4
14.85,21.53,14.48,19.16
7.1,18.61,12.45,15.88
13.1,23.5,20.06,20.18
3,19.73,10.01,17
10.55,32.68,21.01,21.73
9.9,25.53,14.44,22.07
7.8,27.71,13.18,21.08
31.3,25.02,13.2,25.2
8.55,22.77,14.69,23.98
6.5,21.14,15.67,26.64
2.5,19.6,17.63,13.64
10.05,24.02,17.13,26.46
5.5,22.5,12.76,20.84
22.15,23.2,13.81,15.93
1.3,43.74,21.27,24.94
20.9,21.31,11.46,15.12
14.15,26.5,20.03,25.87
18.4,21.12,16.28,23.27
7.7,23.07,15.67,16.65
16,22.89,14.45,21.13
3.4,20.6,9.2,19.06
16.55,21.52,13.15,24.97
2.25,26.55,16.19,20.1
12.85,25.13,14.95,21.91
5.75,19.75,15.58,18.71
13.75,23.06,16.72,17.83
66.45,22.69,17.28,17.67
4.8,19.1,14,20.49
8.5,26.28,16.84,17
3.85,24.83,18.95,26.25
13.45,20.77,16.85,13.87
33.75,21.84,16.18,17.37
3,23.32,17.16,18.9
3.3,16.62,12.94,11.07
8.65,15.67,14.06,16.7
13.85,13.95,13.6,15.05
7.3,18.36,14.09,15.71
16.55,14.39,16.57,13.83
1.4,12.98,13.66,16.2
29.65,17.57,14.3,14.97
4.15,27.86,15.98,16.01
11.8,16.43,11.35,9.99
2.25,13.51,16.26,12.9
1.95,15.27,15.25,15.75
3.5,18.01,16.57,16.59
5.55,10.29,14.51,17.55
6.05,15.86,15.74,14.73
1.5,23.92,14.32,16.96
39,16.42,14.5,18.18
21.1,13.29,13.53,16.19
23.8,14.68,15.45,14.45
18.15,13.71,11.6,10.17
5.5,15.2,13.29,15.06
11.45,13.35,14.55,14.13
12.7,16.65,14.89,16.43
1.35,15,11.87,12.28
5.45,15.52,14.18,14.76
3.4,13.21,11.76,14.39
10.15,13.33,12.72,9.87
9.7,14.92,14.58,13.98
16.5,13.73,12.33,13.83
31.95,15.2,13.67,14.24
1,15.81,16.39,24.99
2.35,16.45,14.78,13.25
9.2,20.09,14.81,17.17
5.15,15.76,10.92,11.5
3.7,14.52,12.58,11.38
4.15,16.44,13.9,15.55
16.1,16.43,15.17,16.91
14.55,13.22,12.27,17
6.35,15.2,14.94,10.4
1.05,14.49,11.7,13.16
19.3,11.78,11.88,12.02
13.65,19.52,14.81,14.88
4.25,16.98,13.13,13.42
2.05,16.3,14.08,15.17
2.55,16.82,13.79,16.51
3.8,15.51,15.45,17.23
11.25,14.74,13.13,12.06
14.5,17.2,12.13,13.82
10.15,16.01,14.39,16.39
2.3,18.72,13.4,18.13
9.85,17.16,12.64,13.3
11.4,17.3,11.95,10.72
1.25,15.62,11.57,9.16
1.5,10.03,13.61,14.35
4.55,17.24,13.55,12.57
1.15,22.3,11.38,20.75
50.7,21.51,16.5,16.11
13.8,14.62,11.37,11.48
7.25,25.85,13.11,12.26
16.9,16.27,12.5,15.77
2.75,17.66,16.02,19.47
3.9,14.58,13.74,11.17
22.3,15.61,13.88,13
21,15.88,14.02,13.53
18.6,14.7,13.27,12.71
5.5,16.5,15.54,11.61
6.2,15.15,14.61,12.74
6.25,17.91,14.05,15.07
1.75,12.64,13.86,13.21
5.05,14.73,14.78,12.03
63.25,16.08,12.01,12.36
7.9,16.62,14.07,14.39
7.2,13.33,13.42,13.04
12.3,17.77,14.32,14.09
15.65,18.35,14.6,13.44
4.6,26.07,12.94,12.83
15.2,18.57,13.85,11.62
5.1,12.68,11.95,15.82
15.6,15.31,13.82,13.95
11.35,15.18,11.65,15.18
2.75,22.15,17.42,13.59
9,18.7,14.15,13.81
2.65,15.76,12.95,14.19
5.4,21.9,13.59,16.54
8.1,20.39,14.04,11.99
10.2,18.95,14.39,12.08
12.7,15.96,15.32,16.84
1.75,17.06,14.69,14.09
2.05,18.54,16.37,19.05
7.15,15.87,15.99,13.99
22.35,19.74,15.69,14.43
14.05,17.29,17.53,15.33
4.05,13.62,10.22,11.74
6.45,20.95,14.99,15.3
10.25,16.54,14.42,13.86
5.1,19.79,16.28,14.49
6.85,20.08,14.91,18.1
12.75,17.95,13.94,12.82
12.6,14.95,15.45,17.44
5.15,16.7,15.55,15.56
8.5,12.98,14.69,15.96
3.5,15.31,14.6,14.96
10,14.32,16.35,17.84
3.25,15.22,14.06,18.72
2.8,13.76,13.7,15.74
2.85,15.19,17.28,13.83
42.25,16.18,15.32,17.8
9.75,18.58,13.27,14.66
4.55,19.17,15.61,16.06
1.5,15.31,16.27,18.57
10.9,13.92,15.27,18.94
7.85,17.46,15.44,19.58
25.6,17.86,14.32,14.92
15.85,17.52,15.57,13.84
22.75,14.51,17.22,19.92
4,19.42,14.14,14.46
4.7,18.03,14.25,15.75
5.3,16.99,14.34,17.5
13.8,15.91,15.52,16.1
15.4,14.46,13.7,17.01
14,17.61,16.27,15.19
3.4,19.91,14.27,15.29
1.3,9.69,16.92,14.79
6.6,18.54,16.21,17.6
1.1,13.4,18.87,13.52
12.1,13.34,13.8,17.02
5.3,13.23,15.3,17.64
11.55,16.97,15.95,15.74
1.4,14.21,16.31,15.61
2.05,21.69,13.3,12.16
14.6,16.27,15.74,13.32
3.45,22.48,15.67,15.46
22.85,21.46,13.83,12.89
2.65,25.27,16.68,15.53
19.3,19.72,16.35,16.31
12.1,14.3,14.98,12.99
8.1,17.18,13.71,13.39
9.8,22.03,15.43,17.01
2.95,20.79,15.07,16.46
4.25,14.29,15.96,16.08
12.4,17.69,16.38,14.05
5.45,18.25,14.36,13.08
12.55,18.39,15.75,14.63
3.95,25.62,16.13,14.92
2.55,15.07,15.09,14.61
13.5,19.8,14.82,16.84
2.5,13.27,14.92,14.64
10.25,14.8,15.06,15.56
3.45,16.32,15.32,14.86
19.7,16.54,16.24,16.3
19.95,16.75,13.53,13.29
26.25,17.35,15.26,14.13
8.5,15.53,13.62,14.1
5.5,18.77,14.98,14.44
19.9,18.65,15.65,12.71
14.45,11.88,14.11,12.58
3.65,22.74,14.88,10.8
4.6,19.19,10.72,12.36
106.5,16.31,15.06,17.82
3.45,13.67,14.37,11.47
3.8,17.09,15.97,12.71
21.7,14.49,12.19,14.03
4.15,9.02,14.76,11.1
10.1,13.59,13.36,13.89
13.7,15.87,11.91,14.86
8,16.14,15.11,16.22
15.8,14.16,14.52,14.89
11.6,18.95,15.51,15.01
14.6,11.33,10.78,12.1
12.5,21.54,13.61,16.84
1.45,20.57,17.68,12.63
15.45,16.84,14.48,12.7
1.5,14.66,16.28,13.67
29.9,17.54,14.57,11.59
7.55,16.31,16.5,14.2
15.8,15.73,14.37,13.08
18.65,16.34,13.67,13.39
13.9,16.4,12.89,11.84
23.95,14,11.7,12.15
3,18.77,13.92,13.63
12.75,14.22,11.32,11.65
3.25,17.02,13.67,13.54
23.85,17.42,17.99,13.92
2.5,19.18,13.26,14.15
14.45,13.36,13.72,11.39
12.2,13.94,14.09,14.42
10.75,17.77,14.5,13.18
11.8,14.32,12.56,12.32
16.3,18.38,13.49,14.4
8.5,10.63,10.96,9.77
2.75,13.74,15.49,14.47
11.9,18.77,13.43,14.53
17.3,17.67,14.95,13.48
5.15,12.17,12.29,12.86
7.15,19.61,14.48,14.52
21.25,16.64,15.36,12.3
3.3,19.88,15.66,13.94
12.35,20.8,14.6,13.7
9.8,19.39,15.45,20.27
20.4,21.76,16.35,16.18
1.85,17.79,15.27,9.89
16.15,21.89,15.4,18.87
8.35,22.69,14.55,16.48
3.9,17.94,13.49,15.93
1.7,23.47,15.52,16.74
3.8,22.3,13,9.71
8.85,20.94,15.8,17.9
12.25,23.44,15.91,15.39
5.3,19.92,14.57,13.45
1.5,16.73,13.17,12.4
3.55,18.83,15.13,15.88
17.35,14.09,13.51,15.62
16.1,17.92,13.67,15.23
4.1,23.57,14.61,15.32
24.35,19.72,16.76,15.72
7,18.77,15.23,12.83
4.65,16.16,16.92,13.49
8.3,19.46,15.27,13.82
1.75,17.98,14.09,12.4
2.65,22.63,12.87,14
15.85,18.05,15.83,12.14
4.7,23.08,14.83,12.98
7.4,17.92,17.05,14.24
7.5,17.13,15.42,15.12
3.95,20.38,14.18,21.71
5.85,20.68,15.59,17.29
2.4,20.63,15.89,18.72
6.05,20.93,12.31,10.26
4.5,21.36,16.11,13.55
3,18.34,19.59,21.86
5.1,15.62,15.78,17.56
8.25,13.6,14.35,11.43
21.4,17.33,14.12,16.4
13.8,19.51,15.42,12.54
28.45,18.95,13.51,15.07
3.95,18.22,15.57,22.04
39.9,16.37,13.78,16.26
36,20.3,12.53,14.94
18.8,15.77,11.85,13.66
6.9,19.57,14.28,19.9
26.75,16.8,14.3,17.89
21,15.22,11.54,15.67
11,21.17,13.3,15.84
21.75,16.2,13.06,16.01
44.75,17.33,14.84,12.96
13.45,19.21,16.77,18.86
18.25,19.13,13.14,16.03
17.25,17.42,11.93,16.7
9.35,18.19,14.5,15.35
32.95,18.92,14.16,15
78.95,16.22,15.58,14.62
35.95,16.68,14.68,16.79
26.35,21.46,15.34,19.96
11.6,21.67,18.1,18.21
47.2,16.72,14.82,13.73
34.5,16.06,12.88,13.78
12.5,16.55,15.19,14.65
6.1,11.29,14.51,16.21
2.15,14.31,15.8,16.48
38.2,17.39,14.76,17.55
22.95,20.66,12.85,14.4
30.2,18.29,15.3,14.33
25.6,18.39,14.01,18.17
19.3,19.68,14.5,15.71
11.85,15.3,14.07,15.42
4.3,17.09,16.28,18.42
21.75,18.41,14.04,24.73
2.8,21.76,15.08,17.54
18.5,21.46,14.76,15.56
18.15,17.83,15.01,17.51
26.05,18.91,14.98,14.26
25.3,16.12,13.6,15.52
1.8,16.55,15.75,15.63
16.15,17.29,15.24,19.47
39.2,18.55,15.1,17.02
8.6,14.28,16.31,18.52
11.2,17.54,13.41,17.17
7.35,16.47,15.49,15.22
16.2,18.91,14.54,13.68
9.55,20.53,17.11,17.29
8.55,18.47,11.89,16.07
13.2,18.15,14.91,18.25
13.45,18.49,11.68,14.76
5,17.62,13,14.48
3.95,19.13,14.55,17.59
31.85,16.87,14.57,17.75
2.8,14.98,15.46,17.48
11.65,21.02,16.64,14.98
11.5,18.17,15,18.84
15.9,17.64,13.6,15.11
11.1,18.91,17.77,19.95
10.6,19.98,14.21,18.69
6.3,19.09,13.69,19.39
10,19.45,14.7,16.72
5.05,17.5,14.37,17.12
1.75,17.54,12.96,18.29
24.4,20.14,12.34,16.34
30.95,13.79,11.48,15
14.65,17.17,13.46,14.67
13.1,16.86,12.67,15.5
6.7,14.91,12.25,17.91
6.1,13.13,12.38,12.82
7.95,16.31,11.52,18.55
6.55,15.3,12.55,13.08
15.4,12.44,11.95,15.24
2.7,15.35,11.87,14.96
6.4,17.19,12.52,14.8
20.35,18.37,12.69,16.86
13.55,16.26,12.83,16.94
17.6,14.74,12.31,13.82
21.35,14.87,10.38,13.02
15.55,13.71,11.49,14.46
4,11.66,11.28,16.5
1.75,10.72,10.95,13.44
16.45,16.97,11.66,14.15
7.5,16.48,10.95,13.24
17.85,14.65,12.54,17.56
3.05,16.2,12.5,14.13
14.15,11.63,12.51,14.78
14.7,19.32,13.87,15.14
16.7,10.49,10.5,14.01
9.6,14.58,13.01,16.64
14.5,17.42,16.31,17.61
8.5,15.77,16.19,14.79
29.45,18.35,18.48,10.04
5.9,16.9,17.72,15.22
2.85,18.08,15.92,16.04
5.3,14.84,14.74,16.46
3.75,9.56,17.83,16.96
4.3,19.92,20.69,15.97
13.3,16.63,15.22,15.45
1.45,17.99,17.24,18.58
9.55,18.65,15.74,15.61
1.05,12.65,17.46,14.14
17.65,18.44,17.9,15.75
21.1,16.49,17.66,15.43
26.55,15.39,14.72,10.63
2,17.26,17.94,14.91
8.7,16.57,17.8,14.43
7.25,16.09,15.41,15.39
2.9,18.17,14.74,16.71
5.55,16.83,16.9,15.78
21.8,17.09,17.15,14.61
20.55,16.56,15.73,15.53
6,18.67,18.86,18.02
14.05,20.1,17.8,19.09
14.5,19.59,15.56,18.32
2,20.94,15.34,19.91
8.65,18.8,17.57,19.88
14.65,20.57,15,20.13
8.45,20.98,13.96,20.39
6.5,20.66,16.42,18.87
5.35,19.78,15.64,18.98
1.05,21.38,15.34,17.44
2.1,20.37,15.23,18.02
6.75,19.37,13.4,15.73
3.7,20.57,15.09,20.45
